strategy,rebalance_frequency,top_n,rebalance_no,signal_date,effective_date,action,ticker,shares,price,notional,fee,allocation_mode,pre_shares,post_shares,rank_on_signal
momentum_6m,quarterly,5,3,2020-09-30,2020-10-01,BUY,APA,397,8.062790512417534,3200.927833429761,2.2406494834008326,equal_weight,0,397,3
momentum_6m,quarterly,5,3,2020-09-30,2020-10-01,BUY,DHI,44,72.35243145413817,3183.5069839820794,2.228454888787456,equal_weight,0,44,5
momentum_6m,quarterly,5,3,2020-09-30,2020-10-01,BUY,FCX,219,14.625198755409428,3202.9185274346646,2.2420429692042654,equal_weight,0,219,2
momentum_6m,quarterly,5,3,2020-09-30,2020-10-01,BUY,LEN,44,73.33213981509284,3226.614151864085,2.2586299063048596,equal_weight,0,44,4
momentum_6m,quarterly,5,3,2020-09-30,2020-10-01,BUY,RCL,50,63.357145599710876,3167.8572799855438,2.2175000959898807,equal_weight,0,50,1
momentum_6m,quarterly,5,4,2020-12-31,2021-01-04,BUY,ALB,31,143.38749982467607,4445.012494564959,3.111508746195471,equal_weight,0,31,5
momentum_6m,quarterly,5,4,2020-12-31,2021-01-04,BUY,ALGN,8,549.6099853515625,4396.8798828125,3.07781591796875,equal_weight,0,8,4
momentum_6m,quarterly,5,4,2020-12-31,2021-01-04,SELL,APA,397,12.625582578017244,5012.356283472846,3.5086493984309923,equal_weight,397,0,332
momentum_6m,quarterly,5,4,2020-12-31,2021-01-04,SELL,DHI,44,65.49587189509329,2881.8183633841045,2.017272854368873,equal_weight,44,0,169
momentum_6m,quarterly,5,4,2020-12-31,2021-01-04,SELL,FCX,43,25.375186504556282,1091.1330196959202,0.7637931137871441,equal_weight,219,176,3
momentum_6m,quarterly,5,4,2020-12-31,2021-01-04,SELL,LEN,44,68.39718633921247,3009.4761989253484,2.1066333392477437,equal_weight,44,0,179
momentum_6m,quarterly,5,4,2020-12-31,2021-01-04,SELL,RCL,50,72.74158942439347,3637.0794712196735,2.5459556298537716,equal_weight,50,0,44
momentum_6m,quarterly,5,4,2020-12-31,2021-01-04,BUY,TPR,158,28.144542754808562,4446.837755259753,3.112786428681827,equal_weight,0,158,2
momentum_6m,quarterly,5,4,2020-12-31,2021-01-04,BUY,TSLA,18,239.82000732421875,4316.7601318359375,3.021732092285156,equal_weight,0,18,1
momentum_6m,quarterly,5,5,2021-03-31,2021-04-01,SELL,ALB,31,139.32732586400806,4319.14710178425,3.0234029712489745,equal_weight,31,0,55
momentum_6m,quarterly,5,5,2021-03-31,2021-04-01,SELL,ALGN,8,546.239990234375,4369.919921875,3.0589439453125,equal_weight,8,0,54
momentum_6m,quarterly,5,5,2021-03-31,2021-04-01,BUY,AMAT,39,132.2107355974075,5156.218688298893,3.6093530818092248,equal_weight,0,39,5
momentum_6m,quarterly,5,5,2021-03-31,2021-04-01,BUY,DVN,303,17.2376411585837,5223.005271050861,3.6561036897356023,equal_weight,0,303,4
momentum_6m,quarterly,5,5,2021-03-31,2021-04-01,BUY,FANG,87,59.70783641148443,5194.581767799145,3.6362072374594017,equal_weight,0,87,3
momentum_6m,quarterly,5,5,2021-03-31,2021-04-01,SELL,FCX,176,31.057585932439093,5466.135124109281,3.8262945868764966,equal_weight,176,0,7
momentum_6m,quarterly,5,5,2021-03-31,2021-04-01,BUY,OXY,209,25.04606331721628,5234.627233298203,3.6642390633087416,equal_weight,0,209,1
momentum_6m,quarterly,5,5,2021-03-31,2021-04-01,SELL,TPR,15,36.56858402130174,548.5287603195261,0.38397013222366827,equal_weight,158,143,2
momentum_6m,quarterly,5,5,2021-03-31,2021-04-01,SELL,TSLA,18,229.4566650390625,4130.219970703125,2.8911539794921874,equal_weight,18,0,77
momentum_6m,quarterly,5,6,2021-06-30,2021-07-01,SELL,AMAT,39,135.8550210319166,5298.345820244747,3.708842074171323,equal_weight,39,0,7
momentum_6m,quarterly,5,6,2021-06-30,2021-07-01,SELL,DVN,23,23.82387214813704,547.9490594071519,0.38356434158500635,equal_weight,303,280,2
momentum_6m,quarterly,5,6,2021-06-30,2021-07-01,SELL,FANG,3,78.46908620610809,235.40725861832425,0.16478508103282696,equal_weight,87,84,1
momentum_6m,quarterly,5,6,2021-06-30,2021-07-01,BUY,GNRC,16,414.0,6624.0,4.6368,equal_weight,0,16,3
momentum_6m,quarterly,5,6,2021-06-30,2021-07-01,BUY,NUE,74,90.27283835338012,6680.190038150129,4.676133026705091,equal_weight,0,74,4
momentum_6m,quarterly,5,6,2021-06-30,2021-07-01,BUY,OXY,8,30.687740652850277,245.5019252228022,0.17185134765596155,equal_weight,209,217,5
momentum_6m,quarterly,5,6,2021-06-30,2021-07-01,SELL,TPR,143,38.4220400794189,5494.351731356903,3.8460462119498318,equal_weight,143,0,35
momentum_6m,quarterly,5,7,2021-09-30,2021-10-01,SELL,DVN,27,28.689638238203653,774.6202324314986,0.542234162702049,equal_weight,280,253,4
momentum_6m,quarterly,5,7,2021-09-30,2021-10-01,SELL,FANG,84,77.51611610552914,6511.353752864447,4.557947627005113,equal_weight,84,0,80
momentum_6m,quarterly,5,7,2021-09-30,2021-10-01,BUY,FTNT,124,58.23400115966797,7221.016143798828,5.0547113006591795,equal_weight,0,124,3
momentum_6m,quarterly,5,7,2021-09-30,2021-10-01,BUY,IT,23,305.4800109863281,7026.040252685547,4.918228176879882,equal_weight,0,23,2
momentum_6m,quarterly,5,7,2021-09-30,2021-10-01,SELL,GNRC,16,408.6700134277344,6538.72021484375,4.577104150390625,equal_weight,16,0,30
momentum_6m,quarterly,5,7,2021-09-30,2021-10-01,BUY,MRNA,20,358.3299865722656,7166.5997314453125,5.016619812011719,equal_weight,0,20,1
momentum_6m,quarterly,5,7,2021-09-30,2021-10-01,SELL,NUE,74,91.9748953839913,6806.142258415356,4.764299580890749,equal_weight,74,0,40
momentum_6m,quarterly,5,7,2021-09-30,2021-10-01,BUY,NVDA,350,20.68212371981342,7238.743301934696,5.067120311354287,equal_weight,0,350,5
momentum_6m,quarterly,5,7,2021-09-30,2021-10-01,SELL,OXY,217,27.868372598214066,6047.436853812453,4.233205797668717,equal_weight,217,0,171
momentum_6m,quarterly,5,8,2021-12-31,2022-01-03,BUY,AMD,60,145.13999938964844,8708.399963378906,6.095879974365234,equal_weight,0,60,4
momentum_6m,quarterly,5,8,2021-12-31,2022-01-03,BUY,ANET,240,36.022499084472656,8645.399780273438,6.0517798461914065,equal_weight,0,240,1
momentum_6m,quarterly,5,8,2021-12-31,2022-01-03,SELL,DVN,13,35.98712386519834,467.83261024757843,0.3274828271733049,equal_weight,253,240,2
momentum_6m,quarterly,5,8,2021-12-31,2022-01-03,SELL,FTNT,124,72.42400360107422,8980.576446533203,6.2864035125732425,equal_weight,124,0,6
momentum_6m,quarterly,5,8,2021-12-31,2022-01-03,SELL,IT,23,334.5299987792969,7694.189971923828,5.38593298034668,equal_weight,23,0,27
momentum_6m,quarterly,5,8,2021-12-31,2022-01-03,SELL,MRNA,20,247.1199951171875,4942.39990234375,3.459679931640625,equal_weight,20,0,218
momentum_6m,quarterly,5,8,2021-12-31,2022-01-03,SELL,NVDA,350,29.7211098062086,10402.38843217301,7.281671902521106,equal_weight,350,0,9
momentum_6m,quarterly,5,8,2021-12-31,2022-01-03,BUY,PFE,188,46.08647406699511,8664.25712459508,6.064979987216556,equal_weight,0,188,5
momentum_6m,quarterly,5,8,2021-12-31,2022-01-03,BUY,TSLA,22,382.5833435058594,8416.833557128906,5.891783489990234,equal_weight,0,22,3
momentum_6m,quarterly,5,9,2022-03-31,2022-04-01,SELL,AMD,60,110.4800033569336,6628.800201416016,4.6401601409912105,equal_weight,60,0,206
momentum_6m,quarterly,5,9,2022-03-31,2022-04-01,BUY,APA,247,36.072922102345224,8910.01175927927,6.237008231495489,equal_weight,0,247,1
momentum_6m,quarterly,5,9,2022-03-31,2022-04-01,SELL,ANET,240,35.08250045776367,8419.800109863281,5.893860076904297,equal_weight,240,0,9
momentum_6m,quarterly,5,9,2022-03-31,2022-04-01,BUY,CF,95,93.18549067510025,8852.621614134525,6.1968351298941675,equal_weight,0,95,4
momentum_6m,quarterly,5,9,2022-03-31,2022-04-01,SELL,DVN,240,49.21663214761902,11811.991715428565,8.268394200799996,equal_weight,240,0,6
momentum_6m,quarterly,5,9,2022-03-31,2022-04-01,BUY,HAL,256,34.799670158040826,8908.715560458451,6.236100892320916,equal_weight,0,256,5
momentum_6m,quarterly,5,9,2022-03-31,2022-04-01,BUY,MOS,151,59.27920733771746,8951.160307995337,6.2658122155967355,equal_weight,0,151,3
momentum_6m,quarterly,5,9,2022-03-31,2022-04-01,BUY,OXY,167,53.24533362049137,8891.970714622059,6.224379500235441,equal_weight,0,167,2
momentum_6m,quarterly,5,9,2022-03-31,2022-04-01,SELL,PFE,188,41.372471731366,7778.024685496807,5.4446172798477654,equal_weight,188,0,75
momentum_6m,quarterly,5,9,2022-03-31,2022-04-01,SELL,TSLA,22,360.3833312988281,7928.433288574219,5.549903302001953,equal_weight,22,0,28
momentum_6m,quarterly,5,10,2022-06-30,2022-07-01,SELL,APA,247,30.76004920577105,7597.732153825449,5.318412507677814,equal_weight,247,0,12
momentum_6m,quarterly,5,10,2022-06-30,2022-07-01,SELL,CF,95,77.77065697573248,7388.2124126945855,5.171748688886209,equal_weight,95,0,26
momentum_6m,quarterly,5,10,2022-06-30,2022-07-01,BUY,XOM,105,75.84269110353706,7963.482565871392,5.574437796109974,equal_weight,0,105,3
momentum_6m,quarterly,5,10,2022-06-30,2022-07-01,BUY,HAL,20,28.983033169984036,579.6606633996807,0.40576246437977653,equal_weight,256,276,4
momentum_6m,quarterly,5,10,2022-06-30,2022-07-01,BUY,MCK,25,319.41123159185724,7985.280789796431,5.589696552857502,equal_weight,0,25,5
momentum_6m,quarterly,5,10,2022-06-30,2022-07-01,SELL,MOS,151,41.66756038245397,6291.80161775055,4.404261132425384,equal_weight,151,0,23
momentum_6m,quarterly,5,10,2022-06-30,2022-07-01,SELL,OXY,24,55.77744417803411,1338.6586602728187,0.9370610621909731,equal_weight,167,143,1
momentum_6m,quarterly,5,10,2022-06-30,2022-07-01,BUY,VLO,84,95.722329231675,8040.6756554607,5.62847295882249,equal_weight,0,84,2
momentum_6m,quarterly,5,11,2022-09-30,2022-10-03,BUY,ALB,33,257.2311922736671,8488.629345031013,5.942040541521709,equal_weight,0,33,4
momentum_6m,quarterly,5,11,2022-09-30,2022-10-03,BUY,BIIB,31,269.0,8339.0,5.8373,equal_weight,0,31,2
momentum_6m,quarterly,5,11,2022-09-30,2022-10-03,BUY,CAH,134,62.74047433482408,8407.223560866427,5.885056492606498,equal_weight,0,134,5
momentum_6m,quarterly,5,11,2022-09-30,2022-10-03,BUY,CEG,102,82.59680265111157,8424.873870413381,5.897411709289367,equal_weight,0,102,1
momentum_6m,quarterly,5,11,2022-09-30,2022-10-03,SELL,XOM,105,79.49305065217047,8346.770318477898,5.8427392229345285,equal_weight,105,0,17
momentum_6m,quarterly,5,11,2022-09-30,2022-10-03,BUY,GPC,63,134.9182001601154,8499.84661008727,5.9498926270610895,equal_weight,0,63,3
momentum_6m,quarterly,5,11,2022-09-30,2022-10-03,SELL,HAL,276,23.978859541364223,6618.165233416526,4.632715663391568,equal_weight,276,0,397
momentum_6m,quarterly,5,11,2022-09-30,2022-10-03,SELL,MCK,25,335.9930775342288,8399.82693835572,5.879878856849004,equal_weight,25,0,12
momentum_6m,quarterly,5,11,2022-09-30,2022-10-03,SELL,OXY,143,59.944522590237874,8572.066730404016,6.0004467112828115,equal_weight,143,0,15
momentum_6m,quarterly,5,11,2022-09-30,2022-10-03,SELL,VLO,84,98.53959554629755,8277.326025888993,5.794128218122295,equal_weight,84,0,20
momentum_6m,quarterly,5,12,2022-12-30,2023-01-03,SELL,ALB,33,208.53990161274984,6881.816753220744,4.817271727254521,equal_weight,33,0,213
momentum_6m,quarterly,5,12,2022-12-30,2023-01-03,SELL,BIIB,31,276.7300109863281,8578.630340576172,6.0050412384033205,equal_weight,31,0,35
momentum_6m,quarterly,5,12,2022-12-30,2023-01-03,SELL,CAH,134,72.28549344373326,9686.256121460257,6.78037928502218,equal_weight,134,0,8
momentum_6m,quarterly,5,12,2022-12-30,2023-01-03,SELL,CEG,102,83.66685692804134,8534.019406660216,5.973813584662151,equal_weight,102,0,6
momentum_6m,quarterly,5,12,2022-12-30,2023-01-03,BUY,FSLR,60,151.00999450683594,9060.599670410156,6.342419769287109,equal_weight,0,60,1
momentum_6m,quarterly,5,12,2022-12-30,2023-01-03,SELL,GPC,63,155.77363147356624,9813.738782834673,6.869617147984271,equal_weight,63,0,34
momentum_6m,quarterly,5,12,2022-12-30,2023-01-03,BUY,NFLX,305,29.805999755859375,9090.82992553711,6.363580947875977,equal_weight,0,305,2
momentum_6m,quarterly,5,12,2022-12-30,2023-01-03,BUY,PCG,578,15.761511906488213,9110.153881950187,6.377107717365131,equal_weight,0,578,4
momentum_6m,quarterly,5,12,2022-12-30,2023-01-03,BUY,ROST,81,112.42386203956521,9106.332825204781,6.374432977643347,equal_weight,0,81,3
momentum_6m,quarterly,5,12,2022-12-30,2023-01-03,BUY,SLB,187,48.49024991517507,9067.676734137738,6.347373713896417,equal_weight,0,187,5
momentum_6m,quarterly,5,13,2023-03-31,2023-04-03,BUY,BA,48,212.8000030517578,10214.400146484375,7.150080102539063,equal_weight,0,48,4
momentum_6m,quarterly,5,13,2023-03-31,2023-04-03,SELL,FSLR,12,217.27999877929688,2607.3599853515625,1.8251519897460937,equal_weight,60,48,5
momentum_6m,quarterly,5,13,2023-03-31,2023-04-03,BUY,GE,138,75.21865566433522,10380.17448167826,7.266122137174781,equal_weight,0,138,2
momentum_6m,quarterly,5,13,2023-03-31,2023-04-03,SELL,NFLX,305,34.18299865722656,10425.814590454102,7.298070213317871,equal_weight,305,0,28
momentum_6m,quarterly,5,13,2023-03-31,2023-04-03,BUY,NVDA,380,27.45267208283813,10432.01539147849,7.302410774034943,equal_weight,0,380,1
momentum_6m,quarterly,5,13,2023-03-31,2023-04-03,SELL,PCG,578,15.968512689106088,9229.80033430332,6.460860234012324,equal_weight,578,0,80
momentum_6m,quarterly,5,13,2023-03-31,2023-04-03,SELL,ROST,81,102.4875206027778,8301.489168825003,5.811042418177502,equal_weight,81,0,104
momentum_6m,quarterly,5,13,2023-03-31,2023-04-03,SELL,SLB,187,48.17588803625127,9008.891062778988,6.306223743945291,equal_weight,187,0,53
momentum_6m,quarterly,5,13,2023-03-31,2023-04-03,BUY,WYNN,94,111.57209428180317,10487.776862489498,7.341443803742648,equal_weight,0,94,3
momentum_6m,quarterly,5,14,2023-06-30,2023-07-03,SELL,BA,48,210.5,10104.0,7.0728,equal_weight,48,0,193
momentum_6m,quarterly,5,14,2023-06-30,2023-07-03,BUY,CCL,644,18.352238946416467,11818.841881492204,8.273189317044542,equal_weight,0,644,3
momentum_6m,quarterly,5,14,2023-06-30,2023-07-03,SELL,FSLR,48,191.11000061035156,9173.280029296875,6.421296020507812,equal_weight,48,0,74
momentum_6m,quarterly,5,14,2023-06-30,2023-07-03,SELL,GE,138,85.67465147689629,11823.101903811688,8.276171332668183,equal_weight,138,0,11
momentum_6m,quarterly,5,14,2023-06-30,2023-07-03,BUY,META,41,284.4676665294726,11663.174327708375,8.164222029395862,equal_weight,0,41,2
momentum_6m,quarterly,5,14,2023-06-30,2023-07-03,SELL,NVDA,101,42.43433377598921,4285.86771137491,3.000107397962437,equal_weight,380,279,1
momentum_6m,quarterly,5,14,2023-06-30,2023-07-03,BUY,RCL,118,100.65180133558765,11876.912557599342,8.31383879031954,equal_weight,0,118,5
momentum_6m,quarterly,5,14,2023-06-30,2023-07-03,BUY,TSLA,42,276.489990234375,11612.57958984375,8.128805712890625,equal_weight,0,42,4
momentum_6m,quarterly,5,14,2023-06-30,2023-07-03,SELL,WYNN,94,102.61506764177027,9645.816358326405,6.752071450828484,equal_weight,94,0,65
momentum_6m,quarterly,5,15,2023-09-29,2023-10-02,SELL,CCL,644,13.356077229998482,8601.313736119022,6.020919615283315,equal_weight,644,0,7
momentum_6m,quarterly,5,15,2023-09-29,2023-10-02,BUY,CEG,105,106.3986819976631,11171.861609754626,7.820303126828238,equal_weight,0,105,4
momentum_6m,quarterly,5,15,2023-09-29,2023-10-02,BUY,LLY,21,525.8325364316904,11042.483265065499,7.729738285545849,equal_weight,0,21,2
momentum_6m,quarterly,5,15,2023-09-29,2023-10-02,SELL,META,3,300.3827209900587,901.1481629701761,0.6308037140791233,equal_weight,41,38,3
momentum_6m,quarterly,5,15,2023-09-29,2023-10-02,SELL,NVDA,25,43.94801356401108,1098.700339100277,0.7690902373701939,equal_weight,279,254,1
momentum_6m,quarterly,5,15,2023-09-29,2023-10-02,BUY,RCL,7,89.22516359519047,624.5761451663333,0.4372033016164333,equal_weight,118,125,5
momentum_6m,quarterly,5,15,2023-09-29,2023-10-02,SELL,TSLA,42,244.80999755859375,10282.019897460938,7.197413928222656,equal_weight,42,0,17
momentum_6m,quarterly,5,16,2023-12-29,2024-01-02,BUY,ANET,233,58.5,13630.5,9.54135,equal_weight,0,233,3
momentum_6m,quarterly,5,16,2023-12-29,2024-01-02,BUY,BX,114,119.68762501598852,13644.389251822691,9.551072476275884,equal_weight,0,114,5
momentum_6m,quarterly,5,16,2023-12-29,2024-01-02,SELL,CEG,105,114.62144351042727,12035.251568594864,8.424676098016404,equal_weight,105,0,34
momentum_6m,quarterly,5,16,2023-12-29,2024-01-02,BUY,FICO,11,1152.4000244140625,12676.400268554688,8.873480187988282,equal_weight,0,11,4
momentum_6m,quarterly,5,16,2023-12-29,2024-01-02,BUY,INTC,280,48.54978086907395,13593.938643340705,9.515757050338493,equal_weight,0,280,2
momentum_6m,quarterly,5,16,2023-12-29,2024-01-02,BUY,KEY,1070,12.702388604704659,13591.555807033985,9.51408906492379,equal_weight,0,1070,1
momentum_6m,quarterly,5,16,2023-12-29,2024-01-02,SELL,LLY,21,570.4413864449053,11979.269115343011,8.385488380740108,equal_weight,21,0,50
momentum_6m,quarterly,5,16,2023-12-29,2024-01-02,SELL,META,38,348.58452264014767,13246.211860325611,9.272348302227927,equal_weight,38,0,58
momentum_6m,quarterly,5,16,2023-12-29,2024-01-02,SELL,NVDA,254,49.15661805673898,12485.7809864117,8.74004669048819,equal_weight,254,0,115
momentum_6m,quarterly,5,16,2023-12-29,2024-01-02,SELL,RCL,125,123.75796175862753,15469.74521982844,10.828821653879908,equal_weight,125,0,48
momentum_6m,quarterly,5,17,2024-03-28,2024-04-01,BUY,AMD,82,180.10000610351562,14768.200500488281,10.337740350341797,equal_weight,0,82,4
momentum_6m,quarterly,5,17,2024-03-28,2024-04-01,SELL,ANET,233,73.06999969482422,17025.309928894043,11.917716950225829,equal_weight,233,0,21
momentum_6m,quarterly,5,17,2024-03-28,2024-04-01,SELL,BX,114,123.02657115705298,14025.02911190404,9.817520378332828,equal_weight,114,0,192
momentum_6m,quarterly,5,17,2024-03-28,2024-04-01,BUY,DECK,94,157.94332885742188,14846.672912597656,10.39267103881836,equal_weight,0,94,3
momentum_6m,quarterly,5,17,2024-03-28,2024-04-01,SELL,FICO,11,1249.6099853515625,13745.709838867188,9.62199688720703,equal_weight,11,0,76
momentum_6m,quarterly,5,17,2024-03-28,2024-04-01,SELL,INTC,280,43.832776755512306,12273.177491543445,8.591224244080411,equal_weight,280,0,166
momentum_6m,quarterly,5,17,2024-03-28,2024-04-01,SELL,KEY,1070,14.24852357129896,15245.920221289887,10.67214415490292,equal_weight,1070,0,23
momentum_6m,quarterly,5,17,2024-03-28,2024-04-01,BUY,NRG,228,65.26188882653838,14879.71065245075,10.415797456715525,equal_weight,0,228,5
momentum_6m,quarterly,5,17,2024-03-28,2024-04-01,BUY,NVDA,165,90.14300911365386,14873.596503752888,10.411517552627021,equal_weight,0,165,2
momentum_6m,quarterly,5,17,2024-03-28,2024-04-01,BUY,SMCI,147,101.0,14847.0,10.3929,equal_weight,0,147,1
momentum_6m,quarterly,5,18,2024-06-28,2024-07-01,SELL,AMD,82,161.25,13222.5,9.255749999999999,equal_weight,82,0,174
momentum_6m,quarterly,5,18,2024-06-28,2024-07-01,BUY,CEG,78,205.72578851695755,16046.61150432269,11.232628053025882,equal_weight,0,78,4
momentum_6m,quarterly,5,18,2024-06-28,2024-07-01,SELL,DECK,94,162.61666870117188,15285.966857910156,10.70017680053711,equal_weight,94,0,18
momentum_6m,quarterly,5,18,2024-06-28,2024-07-01,BUY,LLY,18,899.2111664464175,16185.800996035514,11.330060697224859,equal_weight,0,18,5
momentum_6m,quarterly,5,18,2024-06-28,2024-07-01,SELL,NRG,228,76.52568966717709,17447.857244116378,12.213500070881464,equal_weight,228,0,7
momentum_6m,quarterly,5,18,2024-06-28,2024-07-01,SELL,NVDA,35,123.26683055595603,4314.339069458461,3.020037348620923,equal_weight,165,130,2
momentum_6m,quarterly,5,18,2024-06-28,2024-07-01,BUY,SMCI,46,83.14399719238281,3824.6238708496094,2.6772367095947267,equal_weight,147,193,1
momentum_6m,quarterly,5,18,2024-06-28,2024-07-01,BUY,VST,183,87.78499757927726,16064.654557007738,11.245258189905416,equal_weight,0,183,3
momentum_6m,quarterly,5,19,2024-09-30,2024-10-01,BUY,CHRW,158,106.63811364764257,16848.821956327527,11.794175369429269,equal_weight,0,158,5
momentum_6m,quarterly,5,19,2024-09-30,2024-10-01,SELL,CEG,78,256.51013966908624,20007.790894188725,14.005453625932107,equal_weight,78,0,15
momentum_6m,quarterly,5,19,2024-09-30,2024-10-01,BUY,FICO,8,1953.5699462890625,15628.5595703125,10.93999169921875,equal_weight,0,8,4
momentum_6m,quarterly,5,19,2024-09-30,2024-10-01,BUY,GEV,66,255.05300122829297,16833.498081067337,11.783448656747137,equal_weight,0,66,1
momentum_6m,quarterly,5,19,2024-09-30,2024-10-01,SELL,LLY,18,877.8119822282886,15800.615680109195,11.060430976076436,equal_weight,18,0,152
momentum_6m,quarterly,5,19,2024-09-30,2024-10-01,SELL,NVDA,130,121.58001370293499,15805.401781381548,11.063781246967084,equal_weight,130,0,30
momentum_6m,quarterly,5,19,2024-09-30,2024-10-01,BUY,PLTR,454,37.209999084472656,16893.339584350586,11.82533770904541,equal_weight,0,454,3
momentum_6m,quarterly,5,19,2024-09-30,2024-10-01,SELL,SMCI,193,41.75,8057.75,5.640425,equal_weight,193,0,473
momentum_6m,quarterly,5,19,2024-09-30,2024-10-01,SELL,VST,39,117.00767708194685,4563.299406195927,3.194309584337149,equal_weight,183,144,2
momentum_6m,quarterly,5,20,2024-12-31,2025-01-02,BUY,AXON,37,604.0700073242188,22350.590270996094,15.645413189697265,equal_weight,0,37,2
momentum_6m,quarterly,5,20,2024-12-31,2025-01-02,SELL,CHRW,158,101.16120719794759,15983.470737275718,11.188429516093002,equal_weight,158,0,110
momentum_6m,quarterly,5,20,2024-12-31,2025-01-02,SELL,FICO,8,2005.0,16040.0,11.228,equal_weight,8,0,51
momentum_6m,quarterly,5,20,2024-12-31,2025-01-02,SELL,PLTR,164,76.19999694824219,12496.799499511719,8.747759649658203,equal_weight,454,290,1
momentum_6m,quarterly,5,20,2024-12-31,2025-01-02,BUY,TSLA,56,390.1000061035156,21845.600341796875,15.291920239257813,equal_weight,0,56,5
momentum_6m,quarterly,5,20,2024-12-31,2025-01-02,BUY,UAL,228,97.29000091552734,22182.120208740234,15.527484146118164,equal_weight,0,228,3
momentum_6m,quarterly,5,20,2024-12-31,2025-01-02,SELL,VST,144,138.68019629917072,19969.948267080585,13.97896378695641,equal_weight,144,0,7
momentum_6m,quarterly,5,21,2025-03-31,2025-04-01,SELL,AXON,37,521.5900268554688,19298.830993652344,13.50918169555664,equal_weight,37,0,18
momentum_6m,quarterly,5,21,2025-03-31,2025-04-01,BUY,EQT,365,52.89162217963796,19305.442095567858,13.5138094668975,equal_weight,0,365,3
momentum_6m,quarterly,5,21,2025-03-31,2025-04-01,SELL,GEV,66,306.69248292854206,20241.703873283775,14.169192711298642,equal_weight,66,0,46
momentum_6m,quarterly,5,21,2025-03-31,2025-04-01,BUY,MCK,28,672.8241826277398,18839.077113576714,13.1873539795037,equal_weight,0,28,5
momentum_6m,quarterly,5,21,2025-03-31,2025-04-01,SELL,PLTR,59,83.88999938964844,4949.509963989258,3.4646569747924802,equal_weight,290,231,1
momentum_6m,quarterly,5,21,2025-03-31,2025-04-01,BUY,TPR,279,69.15831478947081,19295.169826262354,13.506618878383648,equal_weight,0,279,4
momentum_6m,quarterly,5,21,2025-03-31,2025-04-01,SELL,TSLA,56,263.79998779296875,14772.79931640625,10.340959521484375,equal_weight,56,0,195
momentum_6m,quarterly,5,21,2025-03-31,2025-04-01,BUY,TPL,44,434.83490804296474,19132.73595389045,13.392915167723315,equal_weight,0,44,2
momentum_6m,quarterly,5,21,2025-03-31,2025-04-01,SELL,UAL,228,67.44999694824219,15378.599304199219,10.765019512939453,equal_weight,228,0,66
momentum_6m,quarterly,5,22,2025-06-30,2025-07-01,BUY,CVS,343,66.34349894298498,22755.820137443847,15.929074096210693,equal_weight,0,343,5
momentum_6m,quarterly,5,22,2025-06-30,2025-07-01,SELL,EQT,365,57.35793658128225,20935.64685216802,14.654952796517614,equal_weight,365,0,32
momentum_6m,quarterly,5,22,2025-06-30,2025-07-01,BUY,HWM,124,183.46536248180905,22749.70494774432,15.924793463421025,equal_weight,0,124,2
momentum_6m,quarterly,5,22,2025-06-30,2025-07-01,SELL,MCK,28,730.84541032584,20463.67148912352,14.324570042386464,equal_weight,28,0,42
momentum_6m,quarterly,5,22,2025-06-30,2025-07-01,BUY,NRG,144,158.4476492327152,22816.46148951099,15.971523042657694,equal_weight,0,144,1
momentum_6m,quarterly,5,22,2025-06-30,2025-07-01,SELL,PLTR,63,135.27000427246094,8522.010269165039,5.9654071884155275,equal_weight,231,168,3
momentum_6m,quarterly,5,22,2025-06-30,2025-07-01,BUY,STX,159,142.5652994418409,22667.882611252702,15.867517827876892,equal_weight,0,159,4
momentum_6m,quarterly,5,22,2025-06-30,2025-07-01,SELL,TPR,279,85.498693387957,23854.135455240004,16.697894818668004,equal_weight,279,0,25
momentum_6m,quarterly,5,22,2025-06-30,2025-07-01,SELL,TPL,44,349.53167106708963,15379.393526951944,10.765575468866361,equal_weight,44,0,369
momentum_6m,quarterly,5,23,2025-09-30,2025-10-01,BUY,APP,40,714.8350219726562,28593.40087890625,20.015380615234374,equal_weight,0,40,4
momentum_6m,quarterly,5,23,2025-09-30,2025-10-01,SELL,CVS,343,73.43535453424822,25188.32660524714,17.631828623672998,equal_weight,343,0,193
momentum_6m,quarterly,5,23,2025-09-30,2025-10-01,SELL,HWM,124,193.8502980142359,24037.436953765253,16.826205867635675,equal_weight,124,0,43
momentum_6m,quarterly,5,23,2025-09-30,2025-10-01,SELL,NRG,144,160.27336341921838,23079.364332367448,16.15555503265721,equal_weight,144,0,21
momentum_6m,quarterly,5,23,2025-09-30,2025-10-01,SELL,PLTR,12,181.32000732421875,2175.840087890625,1.5230880615234375,equal_weight,168,156,5
momentum_6m,quarterly,5,23,2025-09-30,2025-10-01,BUY,HOOD,200,141.25999450683594,28251.998901367188,19.776399230957033,equal_weight,0,200,1
momentum_6m,quarterly,5,23,2025-09-30,2025-10-01,SELL,STX,38,233.31981484529493,8866.152964121207,6.206307074884845,equal_weight,159,121,3
momentum_6m,quarterly,5,23,2025-09-30,2025-10-01,BUY,WDC,240,117.99779394146638,28319.470545951932,19.823629382166352,equal_weight,0,240,2
momentum_6m,quarterly,5,24,2025-12-31,2026-01-02,BUY,ALB,220,143.0495687961672,31470.905135156783,22.02963359460975,equal_weight,0,220,5
momentum_6m,quarterly,5,24,2025-12-31,2026-01-02,SELL,APP,40,683.3699951171875,27334.7998046875,19.13435986328125,equal_weight,40,0,7
momentum_6m,quarterly,5,24,2025-12-31,2026-01-02,BUY,MU,107,295.00607846003123,31565.650395223343,22.09595527665634,equal_weight,0,107,4
momentum_6m,quarterly,5,24,2025-12-31,2026-01-02,SELL,PLTR,156,181.3000030517578,28282.80047607422,19.797960333251954,equal_weight,156,0,41
momentum_6m,quarterly,5,24,2025-12-31,2026-01-02,SELL,HOOD,200,115.47799682617188,23095.599365234375,16.166919555664062,equal_weight,200,0,115
momentum_6m,quarterly,5,24,2025-12-31,2026-01-02,BUY,SNDK,128,244.35000610351562,31276.80078125,21.893760546875,equal_weight,0,128,1
momentum_6m,quarterly,5,24,2025-12-31,2026-01-02,SELL,STX,121,281.47899853457176,34058.958822683184,23.84127117587823,equal_weight,121,0,8
momentum_6m,quarterly,5,24,2025-12-31,2026-01-02,BUY,WBD,1095,28.790000915527344,31525.05100250244,22.06753570175171,equal_weight,0,1095,3
momentum_6m,quarterly,5,24,2025-12-31,2026-01-02,SELL,WDC,63,177.06906801865378,11155.351285175188,7.8087458996226315,equal_weight,240,177,2
momentum_6m,quarterly,5,25,2026-03-31,2026-04-01,SELL,ALB,220,182.254757833627,40096.046723397936,28.067232706378554,equal_weight,220,0,7
momentum_6m,quarterly,5,25,2026-03-31,2026-04-01,BUY,CIEN,121,401.7099914550781,48606.90896606445,34.02483627624512,equal_weight,0,121,3
momentum_6m,quarterly,5,25,2026-03-31,2026-04-01,BUY,LITE,66,734.875,48501.75,33.951225,equal_weight,0,66,2
momentum_6m,quarterly,5,25,2026-03-31,2026-04-01,SELL,MU,107,348.9100036621094,37333.3703918457,26.13335927429199,equal_weight,107,0,8
momentum_6m,quarterly,5,25,2026-03-31,2026-04-01,SELL,SNDK,54,652.2899780273438,35223.65881347656,24.656561169433594,equal_weight,128,74,1
momentum_6m,quarterly,5,25,2026-03-31,2026-04-01,BUY,TER,160,301.856004273955,48296.9606838328,33.80787247868296,equal_weight,0,160,5
momentum_6m,quarterly,5,25,2026-03-31,2026-04-01,SELL,WBD,1095,27.309999465942383,29904.44941520691,20.933114590644838,equal_weight,1095,0,33
momentum_6m,quarterly,5,25,2026-03-31,2026-04-01,SELL,WDC,4,280.42688496750264,1121.7075398700106,0.7851952779090074,equal_weight,177,173,4
