strategy,rebalance_frequency,top_n,rebalance_no,signal_date,effective_date,action,ticker,shares,price,notional,fee,pre_shares,post_shares,rank_on_signal
momentum_6m,quarterly,5,3,2014-09-30,2014-10-01,BUY,EW,119,17.051666259765625,2029.1482849121094,2.0291482849121096,0,119,5
momentum_6m,quarterly,5,3,2014-09-30,2014-10-01,BUY,GILD,27,73.91170239663201,1995.6159647090642,1.9956159647090643,0,27,2
momentum_6m,quarterly,5,3,2014-09-30,2014-10-01,BUY,MU,60,33.40358059441865,2004.214835665119,2.004214835665119,0,60,4
momentum_6m,quarterly,5,3,2014-09-30,2014-10-01,BUY,LUV,70,28.949612405168942,2026.472868361826,2.026472868361826,0,70,3
momentum_6m,quarterly,5,3,2014-09-30,2014-10-01,BUY,VRTX,17,112.87999725341797,1918.9599533081055,1.9189599533081054,0,17,1
momentum_6m,quarterly,5,4,2014-12-31,2015-01-02,SELL,EW,15,21.364999771118164,320.47499656677246,0.3204749965667725,119,104,4
momentum_6m,quarterly,5,4,2014-12-31,2015-01-02,SELL,GILD,27,65.7254006106955,1774.5858164887786,1.7745858164887787,27,0,172
momentum_6m,quarterly,5,4,2014-12-31,2015-01-02,BUY,LOW,39,56.305836013764015,2195.9276045367965,2.1959276045367964,0,39,5
momentum_6m,quarterly,5,4,2014-12-31,2015-01-02,SELL,MU,60,34.369123920703245,2062.1474352421947,2.0621474352421947,60,0,208
momentum_6m,quarterly,5,4,2014-12-31,2015-01-02,BUY,MNST,121,18.233333587646484,2206.2333641052246,2.2062333641052247,0,121,1
momentum_6m,quarterly,5,4,2014-12-31,2015-01-02,BUY,RCL,31,72.27827947460358,2240.626663712711,2.2406266637127112,0,31,3
momentum_6m,quarterly,5,4,2014-12-31,2015-01-02,SELL,LUV,12,37.53781509399414,450.4537811279297,0.4504537811279297,70,58,2
momentum_6m,quarterly,5,4,2014-12-31,2015-01-02,SELL,VRTX,17,119.97000122070312,2039.4900207519531,2.0394900207519533,17,0,43
momentum_6m,quarterly,5,5,2015-03-31,2015-04-01,BUY,BSX,136,17.75,2414.0,2.414,0,136,4
momentum_6m,quarterly,5,5,2015-03-31,2015-04-01,SELL,EW,104,23.676666259765625,2462.373291015625,2.462373291015625,104,0,16
momentum_6m,quarterly,5,5,2015-03-31,2015-04-01,BUY,EA,42,57.25282459754388,2404.618633096843,2.404618633096843,0,42,2
momentum_6m,quarterly,5,5,2015-03-31,2015-04-01,BUY,KR,78,30.949702030487053,2414.0767583779902,2.4140767583779903,0,78,5
momentum_6m,quarterly,5,5,2015-03-31,2015-04-01,SELL,LOW,39,60.85805825942576,2373.4642721176047,2.3734642721176047,39,0,12
momentum_6m,quarterly,5,5,2015-03-31,2015-04-01,SELL,MNST,16,23.1200008392334,369.9200134277344,0.3699200134277344,121,105,3
momentum_6m,quarterly,5,5,2015-03-31,2015-04-01,SELL,RCL,31,71.57320826602619,2218.769456246812,2.218769456246812,31,0,59
momentum_6m,quarterly,5,5,2015-03-31,2015-04-01,BUY,SWKS,31,78.00469159744935,2418.14543952093,2.41814543952093,0,31,1
momentum_6m,quarterly,5,5,2015-03-31,2015-04-01,SELL,LUV,58,38.8039201241352,2250.627367199842,2.250627367199842,58,0,25
momentum_6m,quarterly,5,6,2015-06-30,2015-07-01,BUY,AMZN,113,21.967500686645508,2482.3275775909424,2.4823275775909424,0,113,5
momentum_6m,quarterly,5,6,2015-06-30,2015-07-01,SELL,BSX,136,17.81999969482422,2423.5199584960938,2.423519958496094,136,0,7
momentum_6m,quarterly,5,6,2015-06-30,2015-07-01,BUY,CI,17,148.838620663486,2530.256551279262,2.5302565512792623,0,17,2
momentum_6m,quarterly,5,6,2015-06-30,2015-07-01,SELL,EA,4,65.44153375729493,261.76613502917974,0.2617661350291797,42,38,4
momentum_6m,quarterly,5,6,2015-06-30,2015-07-01,SELL,KR,78,29.55812242931701,2305.5335494867268,2.305533549486727,78,0,48
momentum_6m,quarterly,5,6,2015-06-30,2015-07-01,SELL,MNST,105,22.391666412353516,2351.124973297119,2.3511249732971193,105,0,26
momentum_6m,quarterly,5,6,2015-06-30,2015-07-01,BUY,NFLX,263,9.480570793151855,2493.390118598938,2.493390118598938,0,263,1
momentum_6m,quarterly,5,6,2015-06-30,2015-07-01,SELL,SWKS,2,84.50271386460133,169.00542772920267,0.16900542772920266,31,29,3
momentum_6m,quarterly,5,7,2015-09-30,2015-10-01,SELL,AMZN,18,25.549999237060547,459.89998626708984,0.45989998626708983,113,95,2
momentum_6m,quarterly,5,7,2015-09-30,2015-10-01,BUY,AIZ,37,64.11463181441262,2372.2413771332667,2.3722413771332667,0,37,3
momentum_6m,quarterly,5,7,2015-09-30,2015-10-01,SELL,CI,17,122.34949579600847,2079.941428532144,2.0799414285321443,17,0,72
momentum_6m,quarterly,5,7,2015-09-30,2015-10-01,SELL,EA,38,66.09234884240585,2511.5092560114226,2.5115092560114225,38,0,10
momentum_6m,quarterly,5,7,2015-09-30,2015-10-01,BUY,EXPE,22,112.10802877996997,2466.3766331593392,2.466376633159339,0,22,4
momentum_6m,quarterly,5,7,2015-09-30,2015-10-01,SELL,NFLX,27,10.291000366210938,277.8570098876953,0.2778570098876953,263,236,1
momentum_6m,quarterly,5,7,2015-09-30,2015-10-01,BUY,NKE,45,53.71355886775959,2417.1101490491815,2.4171101490491815,0,45,5
momentum_6m,quarterly,5,7,2015-09-30,2015-10-01,SELL,SWKS,29,67.1366279326929,1946.9622100480942,1.9469622100480943,29,0,237
momentum_6m,quarterly,5,8,2015-12-31,2016-01-04,BUY,GOOGL,69,37.797605354813236,2608.0347694821135,2.6080347694821135,0,69,4
momentum_6m,quarterly,5,8,2015-12-31,2016-01-04,BUY,GOOG,70,36.84748529106526,2579.3239703745685,2.5793239703745687,0,70,3
momentum_6m,quarterly,5,8,2015-12-31,2016-01-04,SELL,AMZN,16,32.81449890136719,525.031982421875,0.525031982421875,95,79,2
momentum_6m,quarterly,5,8,2015-12-31,2016-01-04,SELL,AIZ,37,64.40970530941975,2383.159096448531,2.383159096448531,37,0,30
momentum_6m,quarterly,5,8,2015-12-31,2016-01-04,SELL,EXPE,22,114.94429549442022,2528.774500877245,2.528774500877245,22,0,38
momentum_6m,quarterly,5,8,2015-12-31,2016-01-04,BUY,HRL,86,30.280834867600454,2604.151798613639,2.604151798613639,0,86,5
momentum_6m,quarterly,5,8,2015-12-31,2016-01-04,SELL,NFLX,236,10.899999618530273,2572.3999099731445,2.5723999099731447,236,0,18
momentum_6m,quarterly,5,8,2015-12-31,2016-01-04,SELL,NKE,45,53.4328059787199,2404.4762690423954,2.4044762690423953,45,0,50
momentum_6m,quarterly,5,8,2015-12-31,2016-01-04,BUY,NVDA,3312,0.7875937835861441,2608.510611237309,2.608510611237309,0,3312,1
momentum_6m,quarterly,5,9,2016-03-31,2016-04-01,SELL,GOOGL,69,37.54766890303258,2590.789154309248,2.590789154309248,69,0,64
momentum_6m,quarterly,5,9,2016-03-31,2016-04-01,SELL,GOOG,70,36.629273070010974,2564.049114900768,2.5640491149007683,70,0,52
momentum_6m,quarterly,5,9,2016-03-31,2016-04-01,SELL,AMZN,79,29.524499893188477,2332.4354915618896,2.3324354915618897,79,0,87
momentum_6m,quarterly,5,9,2016-03-31,2016-04-01,SELL,HRL,86,33.457762969877486,2877.3676154094637,2.877367615409464,86,0,9
momentum_6m,quarterly,5,9,2016-03-31,2016-04-01,BUY,KLAC,43,61.31982328915935,2636.7524014338524,2.6367524014338524,0,43,4
momentum_6m,quarterly,5,9,2016-03-31,2016-04-01,BUY,NEM,130,20.380779285879235,2649.5013071643007,2.6495013071643005,0,130,2
momentum_6m,quarterly,5,9,2016-03-31,2016-04-01,SELL,NVDA,255,0.8668412747855659,221.0445250703193,0.22104452507031933,3312,3057,5
momentum_6m,quarterly,5,9,2016-03-31,2016-04-01,BUY,TSN,50,51.973492303459636,2598.6746151729817,2.598674615172982,0,50,3
momentum_6m,quarterly,5,9,2016-03-31,2016-04-01,BUY,WYNN,33,81.19215746841567,2679.341196457717,2.679341196457717,0,33,1
momentum_6m,quarterly,5,10,2016-06-30,2016-07-01,BUY,CTRA,166,18.66202174455608,3097.895609596309,3.097895609596309,0,166,4
momentum_6m,quarterly,5,10,2016-06-30,2016-07-01,BUY,FCX,310,9.98909806521052,3096.6204002152613,3.0966204002152615,0,310,3
momentum_6m,quarterly,5,10,2016-06-30,2016-07-01,BUY,IRM,133,23.281052858343575,3096.3800301596953,3.096380030159695,0,133,5
momentum_6m,quarterly,5,10,2016-06-30,2016-07-01,SELL,KLAC,43,62.00158028438173,2666.0679522284145,2.6660679522284143,43,0,182
momentum_6m,quarterly,5,10,2016-06-30,2016-07-01,SELL,NEM,31,31.267360760289954,969.2881835689885,0.9692881835689886,130,99,1
momentum_6m,quarterly,5,10,2016-06-30,2016-07-01,SELL,NVDA,3057,1.1474174839035154,3507.6552482930465,3.5076552482930468,3057,0,7
momentum_6m,quarterly,5,10,2016-06-30,2016-07-01,BUY,OKE,118,26.229657387777607,3095.0995717577575,3.0950995717577574,0,118,2
momentum_6m,quarterly,5,10,2016-06-30,2016-07-01,SELL,TSN,50,52.10910479651394,2605.455239825697,2.605455239825697,50,0,45
momentum_6m,quarterly,5,10,2016-06-30,2016-07-01,SELL,WYNN,33,80.70468201066619,2663.254506351984,2.663254506351984,33,0,18
momentum_6m,quarterly,5,11,2016-09-30,2016-10-03,SELL,CTRA,166,18.735120104096538,3110.0299372800255,3.1100299372800255,166,0,103
momentum_6m,quarterly,5,11,2016-09-30,2016-10-03,BUY,DHR,47,65.91430177520009,3097.972183434404,3.097972183434404,0,47,4
momentum_6m,quarterly,5,11,2016-09-30,2016-10-03,BUY,DVN,101,30.826668769169615,3113.4935456861313,3.1134935456861315,0,101,5
momentum_6m,quarterly,5,11,2016-09-30,2016-10-03,SELL,FCX,310,9.934807584578543,3079.7903512193484,3.0797903512193483,310,0,87
momentum_6m,quarterly,5,11,2016-09-30,2016-10-03,SELL,IRM,133,22.146661908843907,2945.5060338762396,2.9455060338762395,133,0,73
momentum_6m,quarterly,5,11,2016-09-30,2016-10-03,SELL,NEM,99,30.643107504307643,3033.6676429264567,3.033667642926457,99,0,7
momentum_6m,quarterly,5,11,2016-09-30,2016-10-03,BUY,NVDA,1852,1.6848335985827718,3120.3118245752935,3.1203118245752934,0,1852,2
momentum_6m,quarterly,5,11,2016-09-30,2016-10-03,SELL,OKE,10,28.791991395027363,287.9199139502736,0.2879199139502736,118,108,3
momentum_6m,quarterly,5,11,2016-09-30,2016-10-03,BUY,WMB,165,18.791979649155337,3100.6766421106304,3.1006766421106304,0,165,1
momentum_6m,quarterly,5,12,2016-12-30,2017-01-03,BUY,CFG,141,25.505633274214173,3596.294291664198,3.5962942916641985,0,141,2
momentum_6m,quarterly,5,12,2016-12-30,2017-01-03,SELL,DHR,47,66.42546758656063,3121.9969765683495,3.1219969765683495,47,0,13
momentum_6m,quarterly,5,12,2016-12-30,2017-01-03,SELL,DVN,101,32.87322218873012,3320.195441061742,3.320195441061742,101,0,72
momentum_6m,quarterly,5,12,2016-12-30,2017-01-03,BUY,MU,167,21.524586101201997,3594.6058789007334,3.5946058789007336,0,167,4
momentum_6m,quarterly,5,12,2016-12-30,2017-01-03,SELL,NVDA,457,2.570926479918963,1174.913401322966,1.1749134013229658,1852,1395,1
momentum_6m,quarterly,5,12,2016-12-30,2017-01-03,SELL,OKE,108,32.960202798464316,3559.701902234146,3.559701902234146,108,0,63
momentum_6m,quarterly,5,12,2016-12-30,2017-01-03,BUY,RF,346,10.343767537602488,3578.943568010461,3.578943568010461,0,346,5
momentum_6m,quarterly,5,12,2016-12-30,2017-01-03,BUY,UAL,48,74.0199966430664,3552.9598388671875,3.5529598388671877,0,48,3
momentum_6m,quarterly,5,12,2016-12-30,2017-01-03,SELL,WMB,165,19.243953905475,3175.252394403375,3.1752523944033753,165,0,15
momentum_6m,quarterly,5,13,2017-03-31,2017-04-03,BUY,AMD,259,14.600000381469727,3781.400098800659,3.7814000988006593,0,259,1
momentum_6m,quarterly,5,13,2017-03-31,2017-04-03,SELL,CFG,141,24.339028556495283,3431.803026465835,3.4318030264658352,141,0,12
momentum_6m,quarterly,5,13,2017-03-31,2017-04-03,SELL,MU,33,28.234564639200073,931.7406330936024,0.9317406330936023,167,134,3
momentum_6m,quarterly,5,13,2017-03-31,2017-04-03,BUY,NRG,247,15.273972173698134,3772.671126903439,3.772671126903439,0,247,2
momentum_6m,quarterly,5,13,2017-03-31,2017-04-03,BUY,NVDA,10,2.6863607265045535,26.863607265045534,0.026863607265045535,1395,1405,5
momentum_6m,quarterly,5,13,2017-03-31,2017-04-03,SELL,RF,346,10.388044295033726,3594.263326081669,3.5942633260816694,346,0,9
momentum_6m,quarterly,5,13,2017-03-31,2017-04-03,SELL,UAL,48,70.69000244140625,3393.1201171875,3.3931201171875003,48,0,23
momentum_6m,quarterly,5,13,2017-03-31,2017-04-03,BUY,URI,31,120.89714491048723,3747.811492225104,3.747811492225104,0,31,4
momentum_6m,quarterly,5,14,2017-06-30,2017-07-03,SELL,AMD,259,12.569999694824219,3255.6299209594727,3.2556299209594726,259,0,227
momentum_6m,quarterly,5,14,2017-06-30,2017-07-03,BUY,ALGN,25,151.05999755859375,3776.4999389648438,3.776499938964844,0,25,3
momentum_6m,quarterly,5,14,2017-06-30,2017-07-03,BUY,CSX,236,16.20824151002361,3825.1449963655714,3.8251449963655713,0,236,4
momentum_6m,quarterly,5,14,2017-06-30,2017-07-03,BUY,ISRG,36,104.55110931396484,3763.8399353027344,3.7638399353027343,0,36,5
momentum_6m,quarterly,5,14,2017-06-30,2017-07-03,SELL,MU,134,29.346388116104333,3932.4160075579807,3.932416007557981,134,0,20
momentum_6m,quarterly,5,14,2017-06-30,2017-07-03,SELL,NRG,247,14.279405202846347,3527.0130851030476,3.527013085103048,247,0,9
momentum_6m,quarterly,5,14,2017-06-30,2017-07-03,SELL,NVDA,1405,3.5802379980762433,5030.234387297121,5.030234387297122,1405,0,36
momentum_6m,quarterly,5,14,2017-06-30,2017-07-03,SELL,URI,31,109.774716877785,3403.016223211335,3.403016223211335,31,0,241
momentum_6m,quarterly,5,14,2017-06-30,2017-07-03,BUY,VRTX,30,129.49000549316406,3884.700164794922,3.8847001647949218,0,30,1
momentum_6m,quarterly,5,14,2017-06-30,2017-07-03,BUY,WYNN,32,120.44143609467248,3854.1259550295194,3.8541259550295197,0,32,2
momentum_6m,quarterly,5,15,2017-09-29,2017-10-02,SELL,ALGN,3,187.16000366210938,561.4800109863281,0.5614800109863282,25,22,2
momentum_6m,quarterly,5,15,2017-09-29,2017-10-02,BUY,BA,18,241.38204355404577,4344.876783972823,4.344876783972824,0,18,4
momentum_6m,quarterly,5,15,2017-09-29,2017-10-02,SELL,CSX,236,15.697345386990047,3704.5735113296514,3.7045735113296514,236,0,81
momentum_6m,quarterly,5,15,2017-09-29,2017-10-02,SELL,ISRG,36,116.56666564941406,4196.399963378906,4.196399963378906,36,0,10
momentum_6m,quarterly,5,15,2017-09-29,2017-10-02,BUY,LRCX,262,16.447694583740567,4309.295980940029,4.309295980940029,0,262,5
momentum_6m,quarterly,5,15,2017-09-29,2017-10-02,BUY,NVDA,963,4.46657493169675,4301.311659223969,4.30131165922397,0,963,1
momentum_6m,quarterly,5,15,2017-09-29,2017-10-02,BUY,PYPL,67,64.1569896511032,4298.518306623914,4.298518306623914,0,67,3
momentum_6m,quarterly,5,15,2017-09-29,2017-10-02,SELL,VRTX,30,151.22999572753906,4536.899871826172,4.536899871826172,30,0,6
momentum_6m,quarterly,5,15,2017-09-29,2017-10-02,SELL,WYNN,32,133.93394847950606,4285.886351344194,4.285886351344194,32,0,16
momentum_6m,quarterly,5,16,2017-12-29,2018-01-02,SELL,ALGN,22,222.61000061035156,4897.420013427734,4.897420013427735,22,0,9
momentum_6m,quarterly,5,16,2017-12-29,2018-01-02,SELL,BA,18,281.8476243806707,5073.257238852073,5.073257238852073,18,0,6
momentum_6m,quarterly,5,16,2017-12-29,2018-01-02,BUY,CF,137,34.84541093961179,4773.821298726815,4.773821298726816,0,137,3
momentum_6m,quarterly,5,16,2017-12-29,2018-01-02,BUY,DLTR,45,107.98999786376953,4859.549903869629,4.859549903869629,0,45,4
momentum_6m,quarterly,5,16,2017-12-29,2018-01-02,BUY,FCX,277,17.23662413624361,4774.5448857394795,4.77454488573948,0,277,2
momentum_6m,quarterly,5,16,2017-12-29,2018-01-02,SELL,LRCX,262,16.503127355650694,4323.819367180482,4.323819367180482,262,0,33
momentum_6m,quarterly,5,16,2017-12-29,2018-01-02,BUY,NRG,202,23.584254860781257,4764.019481877814,4.764019481877813,0,202,1
momentum_6m,quarterly,5,16,2017-12-29,2018-01-02,SELL,NVDA,963,4.840008640503378,4660.928320804754,4.660928320804754,963,0,25
momentum_6m,quarterly,5,16,2017-12-29,2018-01-02,SELL,PYPL,67,73.84021502058665,4947.294406379306,4.947294406379306,67,0,19
momentum_6m,quarterly,5,16,2017-12-29,2018-01-02,BUY,URI,28,167.097191009024,4678.721348252671,4.6787213482526715,0,28,5
momentum_6m,quarterly,5,17,2018-03-29,2018-04-02,BUY,AKAM,64,70.80999755859375,4531.83984375,4.53183984375,0,64,5
momentum_6m,quarterly,5,17,2018-03-29,2018-04-02,BUY,AMZN,63,70.88099670410156,4465.502792358398,4.465502792358398,0,63,4
momentum_6m,quarterly,5,17,2018-03-29,2018-04-02,SELL,CF,137,30.810185412300125,4220.995401485117,4.220995401485117,137,0,156
momentum_6m,quarterly,5,17,2018-03-29,2018-04-02,SELL,DLTR,45,94.73999786376953,4263.299903869629,4.263299903869629,45,0,140
momentum_6m,quarterly,5,17,2018-03-29,2018-04-02,SELL,FCX,277,15.897502657229465,4403.608236052562,4.403608236052562,277,0,32
momentum_6m,quarterly,5,17,2018-03-29,2018-04-02,BUY,NFLX,156,29.194000244140625,4554.2640380859375,4.554264038085938,0,156,2
momentum_6m,quarterly,5,17,2018-03-29,2018-04-02,SELL,NRG,202,25.256023665910345,5101.71678051389,5.10171678051389,202,0,45
momentum_6m,quarterly,5,17,2018-03-29,2018-04-02,BUY,STX,104,43.324122507334785,4505.708740762818,4.505708740762818,0,104,1
momentum_6m,quarterly,5,17,2018-03-29,2018-04-02,SELL,URI,28,166.24684093476694,4654.911546173475,4.654911546173475,28,0,24
momentum_6m,quarterly,5,17,2018-03-29,2018-04-02,BUY,GWW,18,252.3343208470543,4542.017775246977,4.542017775246977,0,18,3
momentum_6m,quarterly,5,18,2018-06-29,2018-07-02,BUY,AMD,342,14.800000190734863,5061.600065231323,5.061600065231324,0,342,5
momentum_6m,quarterly,5,18,2018-06-29,2018-07-02,SELL,AKAM,64,72.68000030517578,4651.52001953125,4.65152001953125,64,0,71
momentum_6m,quarterly,5,18,2018-06-29,2018-07-02,BUY,ALGN,15,334.8999938964844,5023.499908447266,5.023499908447266,0,15,2
momentum_6m,quarterly,5,18,2018-06-29,2018-07-02,SELL,AMZN,3,84.13500213623047,252.4050064086914,0.2524050064086914,63,60,4
momentum_6m,quarterly,5,18,2018-06-29,2018-07-02,BUY,CMG,591,8.559599876403809,5058.723526954651,5.058723526954651,0,591,3
momentum_6m,quarterly,5,18,2018-06-29,2018-07-02,SELL,NFLX,26,38.54499816894531,1002.1699523925781,1.0021699523925782,156,130,1
momentum_6m,quarterly,5,18,2018-06-29,2018-07-02,SELL,STX,104,41.134676765502036,4278.006383612212,4.278006383612212,104,0,8
momentum_6m,quarterly,5,18,2018-06-29,2018-07-02,SELL,GWW,18,277.024505537913,4986.441099682434,4.986441099682434,18,0,14
momentum_6m,quarterly,5,19,2018-09-28,2018-10-01,SELL,AMD,128,30.690000534057617,3928.320068359375,3.928320068359375,342,214,1
momentum_6m,quarterly,5,19,2018-09-28,2018-10-01,BUY,ALGN,1,393.3599853515625,393.3599853515625,0.3933599853515625,15,16,2
momentum_6m,quarterly,5,19,2018-09-28,2018-10-01,SELL,AMZN,60,101.09950256347656,6065.970153808594,6.0659701538085935,60,0,9
momentum_6m,quarterly,5,19,2018-09-28,2018-10-01,BUY,CF,145,45.46778149300648,6592.8283164859395,6.59282831648594,0,145,4
momentum_6m,quarterly,5,19,2018-09-28,2018-10-01,SELL,CMG,591,8.939399719238281,5283.185234069824,5.283185234069824,591,0,8
momentum_6m,quarterly,5,19,2018-09-28,2018-10-01,SELL,NFLX,130,37.584999084472656,4886.049880981445,4.886049880981445,130,0,34
momentum_6m,quarterly,5,19,2018-09-28,2018-10-01,BUY,ORLY,282,23.29199981689453,6568.343948364258,6.568343948364258,0,282,5
momentum_6m,quarterly,5,19,2018-09-28,2018-10-01,BUY,TSCO,403,16.27123293408018,6557.306872434313,6.557306872434313,0,403,3
momentum_6m,quarterly,5,20,2018-12-31,2019-01-02,SELL,AMD,214,18.010000228881836,3854.140048980713,3.854140048980713,214,0,9
momentum_6m,quarterly,5,20,2018-12-31,2019-01-02,SELL,ALGN,16,205.32000732421875,3285.1201171875,3.2851201171875,16,0,379
momentum_6m,quarterly,5,20,2018-12-31,2019-01-02,BUY,BALL,118,41.709555795692765,4921.727583891747,4.921727583891747,0,118,3
momentum_6m,quarterly,5,20,2018-12-31,2019-01-02,SELL,CF,145,35.691637353827936,5175.287416305051,5.175287416305051,145,0,135
momentum_6m,quarterly,5,20,2018-12-31,2019-01-02,BUY,LLY,47,104.26010946740422,4900.225144967998,4.900225144967998,0,47,1
momentum_6m,quarterly,5,20,2018-12-31,2019-01-02,BUY,MRK,85,57.409460699734666,4879.804159477447,4.879804159477447,0,85,5
momentum_6m,quarterly,5,20,2018-12-31,2019-01-02,BUY,NRG,151,32.40308362534372,4892.8656274269015,4.892865627426902,0,151,4
momentum_6m,quarterly,5,20,2018-12-31,2019-01-02,SELL,ORLY,282,22.38800048828125,6313.4161376953125,6.313416137695313,282,0,6
momentum_6m,quarterly,5,20,2018-12-31,2019-01-02,BUY,SBUX,90,54.37069093546616,4893.362184191954,4.893362184191954,0,90,2
momentum_6m,quarterly,5,20,2018-12-31,2019-01-02,SELL,TSCO,403,14.624502470983503,5893.674495806352,5.893674495806352,403,0,44
momentum_6m,quarterly,5,21,2019-03-29,2019-04-01,BUY,AES,406,14.067234248393483,5711.297104847754,5.711297104847754,0,406,4
momentum_6m,quarterly,5,21,2019-03-29,2019-04-01,BUY,AMT,34,164.47501569304708,5592.150533563601,5.5921505335636015,0,34,3
momentum_6m,quarterly,5,21,2019-03-29,2019-04-01,SELL,BALL,118,53.64157533060906,6329.705889011869,6.329705889011869,118,0,9
momentum_6m,quarterly,5,21,2019-03-29,2019-04-01,BUY,CDNS,88,65.08000183105469,5727.0401611328125,5.727040161132813,0,88,2
momentum_6m,quarterly,5,21,2019-03-29,2019-04-01,BUY,CMG,401,14.243000030517578,5711.443012237549,5.711443012237549,0,401,1
momentum_6m,quarterly,5,21,2019-03-29,2019-04-01,SELL,LLY,47,119.36321348054184,5610.0710335854665,5.610071033585466,47,0,28
momentum_6m,quarterly,5,21,2019-03-29,2019-04-01,SELL,MRK,85,64.27830548537985,5463.655966257287,5.463655966257288,85,0,42
momentum_6m,quarterly,5,21,2019-03-29,2019-04-01,SELL,NRG,151,35.38804727011127,5343.595137786802,5.343595137786802,151,0,43
momentum_6m,quarterly,5,21,2019-03-29,2019-04-01,BUY,O,112,50.9835765855126,5710.1605775774115,5.710160577577412,0,112,5
momentum_6m,quarterly,5,21,2019-03-29,2019-04-01,SELL,SBUX,90,64.16406781183437,5774.766103065093,5.774766103065094,90,0,8
momentum_6m,quarterly,5,22,2019-06-28,2019-07-01,BUY,AMD,183,31.790000915527344,5817.570167541504,5.817570167541504,0,183,2
momentum_6m,quarterly,5,22,2019-06-28,2019-07-01,SELL,AES,406,13.155455209311787,5341.114814980586,5.341114814980586,406,0,226
momentum_6m,quarterly,5,22,2019-06-28,2019-07-01,SELL,AMT,34,172.21081257538413,5855.16762756306,5.85516762756306,34,0,103
momentum_6m,quarterly,5,22,2019-06-28,2019-07-01,BUY,BALL,89,65.33568192239346,5814.875691093018,5.814875691093018,0,89,5
momentum_6m,quarterly,5,22,2019-06-28,2019-07-01,SELL,CDNS,8,72.55999755859375,580.47998046875,0.58047998046875,88,80,4
momentum_6m,quarterly,5,22,2019-06-28,2019-07-01,SELL,CMG,7,14.768600463867188,103.38020324707031,0.10338020324707031,401,394,1
momentum_6m,quarterly,5,22,2019-06-28,2019-07-01,BUY,MSCI,25,225.94739322751624,5648.6848306879065,5.648684830687906,0,25,3
momentum_6m,quarterly,5,22,2019-06-28,2019-07-01,SELL,O,112,48.41810075789826,5422.8272848846045,5.422827284884605,112,0,300
momentum_6m,quarterly,5,23,2019-09-30,2019-10-01,SELL,AMD,183,29.049999237060547,5316.14986038208,5.3161498603820805,183,0,159
momentum_6m,quarterly,5,23,2019-09-30,2019-10-01,SELL,BALL,89,67.67430386407243,6023.013043902446,6.023013043902446,89,0,31
momentum_6m,quarterly,5,23,2019-09-30,2019-10-01,SELL,CDNS,80,66.3499984741211,5307.9998779296875,5.307999877929688,80,0,255
momentum_6m,quarterly,5,23,2019-09-30,2019-10-01,SELL,CMG,394,16.901599884033203,6659.230354309082,6.6592303543090825,394,0,67
momentum_6m,quarterly,5,23,2019-09-30,2019-10-01,BUY,CINF,57,98.86383311299659,5635.238487440805,5.635238487440805,0,57,4
momentum_6m,quarterly,5,23,2019-09-30,2019-10-01,BUY,HAS,61,92.9277565948826,5668.593152287838,5.668593152287838,0,61,1
momentum_6m,quarterly,5,23,2019-09-30,2019-10-01,BUY,HSY,42,132.92757693148482,5582.958231122362,5.582958231122363,0,42,3
momentum_6m,quarterly,5,23,2019-09-30,2019-10-01,SELL,MSCI,25,203.87024794092375,5096.756198523094,5.096756198523094,25,0,179
momentum_6m,quarterly,5,23,2019-09-30,2019-10-01,BUY,NOC,17,338.14824098984235,5748.52009682732,5.7485200968273205,0,17,2
momentum_6m,quarterly,5,23,2019-09-30,2019-10-01,BUY,TGT,63,90.11043715381291,5676.957540690213,5.676957540690213,0,63,5
momentum_6m,quarterly,5,24,2019-12-31,2020-01-02,BUY,AMD,119,46.86000061035156,5576.340072631836,5.576340072631836,0,119,5
momentum_6m,quarterly,5,24,2019-12-31,2020-01-02,SELL,CINF,57,89.80817753844732,5119.066119691497,5.119066119691497,57,0,312
momentum_6m,quarterly,5,24,2019-12-31,2020-01-02,SELL,HAS,61,83.51557155085857,5094.449864602373,5.094449864602373,61,0,299
momentum_6m,quarterly,5,24,2019-12-31,2020-01-02,SELL,HSY,42,127.09411670832267,5337.952901749552,5.337952901749553,42,0,179
momentum_6m,quarterly,5,24,2019-12-31,2020-01-02,BUY,KLAC,33,168.03768340248652,5545.243552282055,5.545243552282055,0,33,3
momentum_6m,quarterly,5,24,2019-12-31,2020-01-02,BUY,LRCX,203,27.51941363943509,5586.440968805323,5.586440968805323,0,203,1
momentum_6m,quarterly,5,24,2019-12-31,2020-01-02,SELL,NOC,17,310.95331765524537,5286.206400139171,5.286206400139171,17,0,211
momentum_6m,quarterly,5,24,2019-12-31,2020-01-02,BUY,SWKS,53,104.38839405332982,5532.58488482648,5.5325848848264805,0,53,2
momentum_6m,quarterly,5,24,2019-12-31,2020-01-02,SELL,TGT,13,108.72644604135296,1413.4437985375885,1.4134437985375885,63,50,4
momentum_6m,quarterly,5,25,2020-03-31,2020-04-01,SELL,AMD,20,44.18000030517578,883.6000061035156,0.8836000061035156,119,99,2
momentum_6m,quarterly,5,25,2020-03-31,2020-04-01,SELL,KLAC,33,129.560313898193,4275.490358640369,4.2754903586403685,33,0,121
momentum_6m,quarterly,5,25,2020-03-31,2020-04-01,SELL,LRCX,203,21.429329625146913,4350.153913904824,4.3501539139048235,203,0,43
momentum_6m,quarterly,5,25,2020-03-31,2020-04-01,BUY,NFLX,117,37.60499954223633,4399.78494644165,4.399784946441651,0,117,5
momentum_6m,quarterly,5,25,2020-03-31,2020-04-01,BUY,NVDA,689,6.366289194622449,4386.373255094867,4.386373255094867,0,689,3
momentum_6m,quarterly,5,25,2020-03-31,2020-04-01,BUY,REGN,9,480.89125853610744,4328.021326824967,4.328021326824968,0,9,1
momentum_6m,quarterly,5,25,2020-03-31,2020-04-01,SELL,SWKS,53,74.14790084819046,3929.838744954094,3.929838744954094,53,0,24
momentum_6m,quarterly,5,25,2020-03-31,2020-04-01,SELL,TGT,50,77.83436779181352,3891.718389590676,3.891718389590676,50,0,155
momentum_6m,quarterly,5,25,2020-03-31,2020-04-01,BUY,VRTX,18,232.1199951171875,4178.159912109375,4.178159912109375,0,18,4
momentum_6m,quarterly,5,26,2020-06-30,2020-07-01,SELL,AMD,99,52.630001068115234,5210.370105743408,5.210370105743408,99,0,52
momentum_6m,quarterly,5,26,2020-06-30,2020-07-01,BUY,DXCM,54,102.23999786376953,5520.959884643555,5.520959884643554,0,54,1
momentum_6m,quarterly,5,26,2020-06-30,2020-07-01,SELL,NFLX,117,45.400001525878906,5311.800178527832,5.311800178527832,117,0,12
momentum_6m,quarterly,5,26,2020-06-30,2020-07-01,SELL,NVDA,102,9.487894507092104,967.7652397233946,0.9677652397233947,689,587,3
momentum_6m,quarterly,5,26,2020-06-30,2020-07-01,BUY,PYPL,32,173.69634395769816,5558.283006646341,5.558283006646342,0,32,4
momentum_6m,quarterly,5,26,2020-06-30,2020-07-01,SELL,VRTX,18,290.5,5229.0,5.229,18,0,18
momentum_6m,quarterly,5,26,2020-06-30,2020-07-01,BUY,WST,25,224.28191293366888,5607.047823341722,5.607047823341722,0,25,5
momentum_6m,quarterly,5,27,2020-09-30,2020-10-01,BUY,APA,787,8.116758280524495,6387.888766772778,6.387888766772778,0,787,3
momentum_6m,quarterly,5,27,2020-09-30,2020-10-01,SELL,DXCM,54,104.2699966430664,5630.579818725586,5.630579818725586,54,0,75
momentum_6m,quarterly,5,27,2020-09-30,2020-10-01,BUY,DHI,88,72.5713306658869,6386.277098598048,6.386277098598048,0,88,5
momentum_6m,quarterly,5,27,2020-09-30,2020-10-01,BUY,FCX,435,14.65740206709533,6375.969899186468,6.375969899186468,0,435,2
momentum_6m,quarterly,5,27,2020-09-30,2020-10-01,BUY,LEN,86,73.72091510533203,6339.998699058554,6.339998699058554,0,86,4
momentum_6m,quarterly,5,27,2020-09-30,2020-10-01,SELL,NVDA,587,13.714623053585889,8050.483732454917,8.050483732454918,587,0,9
momentum_6m,quarterly,5,27,2020-09-30,2020-10-01,SELL,PYPL,32,198.20032395667346,6342.410366613551,6.342410366613551,32,0,11
momentum_6m,quarterly,5,27,2020-09-30,2020-10-01,SELL,REGN,9,558.725407712126,5028.528669409134,5.028528669409134,9,0,337
momentum_6m,quarterly,5,27,2020-09-30,2020-10-01,BUY,RCL,100,63.68566448069898,6368.566448069898,6.368566448069898,0,100,1
momentum_6m,quarterly,5,27,2020-09-30,2020-10-01,SELL,WST,25,274.92119719080614,6873.029929770153,6.873029929770153,25,0,27
momentum_6m,quarterly,5,28,2020-12-31,2021-01-04,BUY,ALB,56,143.75353312486973,8050.197854992705,8.050197854992705,0,56,5
momentum_6m,quarterly,5,28,2020-12-31,2021-01-04,BUY,ALGN,14,549.6099853515625,7694.539794921875,7.694539794921875,0,14,4
momentum_6m,quarterly,5,28,2020-12-31,2021-01-04,SELL,APA,787,12.71009161241328,10002.842098969251,10.002842098969252,787,0,333
momentum_6m,quarterly,5,28,2020-12-31,2021-01-04,SELL,DHI,88,65.69405541999966,5781.07687695997,5.78107687695997,88,0,169
momentum_6m,quarterly,5,28,2020-12-31,2021-01-04,SELL,FCX,118,25.43105949631068,3000.8650205646604,3.0008650205646603,435,317,3
momentum_6m,quarterly,5,28,2020-12-31,2021-01-04,SELL,LEN,86,68.75981018856282,5913.343676216403,5.913343676216403,86,0,179
momentum_6m,quarterly,5,28,2020-12-31,2021-01-04,SELL,RCL,100,73.11876028945365,7311.876028945365,7.311876028945365,100,0,44
momentum_6m,quarterly,5,28,2020-12-31,2021-01-04,BUY,TPR,285,28.22491804822229,8044.101643743353,8.044101643743353,0,285,2
momentum_6m,quarterly,5,28,2020-12-31,2021-01-04,BUY,TSLA,34,239.82000732421875,8153.8802490234375,8.153880249023437,0,34,1
momentum_6m,quarterly,5,29,2021-03-31,2021-04-01,SELL,ALB,56,139.6829765776336,7822.246688347483,7.822246688347483,56,0,55
momentum_6m,quarterly,5,29,2021-03-31,2021-04-01,SELL,ALGN,14,546.239990234375,7647.35986328125,7.64735986328125,14,0,54
momentum_6m,quarterly,5,29,2021-03-31,2021-04-01,BUY,AMAT,65,132.3750947992608,8604.381161951953,8.604381161951952,0,65,5
momentum_6m,quarterly,5,29,2021-03-31,2021-04-01,BUY,DVN,506,17.2376411585837,8722.246426243351,8.722246426243352,0,506,4
momentum_6m,quarterly,5,29,2021-03-31,2021-04-01,BUY,FANG,146,60.03624261524571,8765.291421825874,8.765291421825873,0,146,3
momentum_6m,quarterly,5,29,2021-03-31,2021-04-01,SELL,FCX,317,31.125976402742936,9866.93451966951,9.86693451966951,317,0,7
momentum_6m,quarterly,5,29,2021-03-31,2021-04-01,BUY,OXY,346,25.161752667453584,8705.96642293894,8.70596642293894,0,346,1
momentum_6m,quarterly,5,29,2021-03-31,2021-04-01,SELL,TPR,47,36.67300961218635,1723.6314517727583,1.7236314517727582,285,238,2
momentum_6m,quarterly,5,29,2021-03-31,2021-04-01,SELL,TSLA,34,229.4566650390625,7801.526611328125,7.801526611328125,34,0,77
momentum_6m,quarterly,5,30,2021-06-30,2021-07-01,SELL,AMAT,65,136.02395088109606,8841.556807271243,8.841556807271242,65,0,7
momentum_6m,quarterly,5,30,2021-06-30,2021-07-01,SELL,DVN,67,23.823876006125282,1596.199692410394,1.596199692410394,506,439,2
momentum_6m,quarterly,5,30,2021-06-30,2021-07-01,SELL,FANG,13,78.90067133310879,1025.7087273304141,1.0257087273304142,146,133,1
momentum_6m,quarterly,5,30,2021-06-30,2021-07-01,BUY,GNRC,25,414.0,10350.0,10.35,0,25,3
momentum_6m,quarterly,5,30,2021-06-30,2021-07-01,BUY,NUE,115,90.5807195849041,10416.78275226397,10.416782752263972,0,115,4
momentum_6m,quarterly,5,30,2021-06-30,2021-07-01,SELL,OXY,6,30.829484070267,184.976904421602,0.184976904421602,346,340,5
momentum_6m,quarterly,5,30,2021-06-30,2021-07-01,SELL,TPR,238,38.53177787684607,9170.563134689364,9.170563134689365,238,0,35
momentum_6m,quarterly,5,31,2021-09-30,2021-10-01,SELL,DVN,65,28.689640096327004,1864.8266062612552,1.8648266062612553,439,374,4
momentum_6m,quarterly,5,31,2021-09-30,2021-10-01,SELL,FANG,133,77.94246362941311,10366.347662711943,10.366347662711943,133,0,80
momentum_6m,quarterly,5,31,2021-09-30,2021-10-01,BUY,FTNT,184,58.23400115966797,10715.056213378906,10.715056213378906,0,184,3
momentum_6m,quarterly,5,31,2021-09-30,2021-10-01,BUY,IT,35,305.4800109863281,10691.800384521484,10.691800384521484,0,35,2
momentum_6m,quarterly,5,31,2021-09-30,2021-10-01,SELL,GNRC,25,408.6700134277344,10216.75033569336,10.21675033569336,25,0,30
momentum_6m,quarterly,5,31,2021-09-30,2021-10-01,BUY,MRNA,29,358.3299865722656,10391.569610595703,10.391569610595702,0,29,1
momentum_6m,quarterly,5,31,2021-09-30,2021-10-01,SELL,NUE,115,92.28859298539075,10613.188193319937,10.613188193319937,115,0,40
momentum_6m,quarterly,5,31,2021-09-30,2021-10-01,BUY,NVDA,517,20.70622473167738,10705.118186277206,10.705118186277206,0,517,5
momentum_6m,quarterly,5,31,2021-09-30,2021-10-01,SELL,OXY,340,27.997093865658943,9519.01191432404,9.519011914324041,340,0,172
momentum_6m,quarterly,5,32,2021-12-31,2022-01-03,BUY,AMD,85,145.13999938964844,12336.899948120117,12.336899948120118,0,85,4
momentum_6m,quarterly,5,32,2021-12-31,2022-01-03,BUY,ANET,340,36.022499084472656,12247.649688720703,12.247649688720703,0,340,1
momentum_6m,quarterly,5,32,2021-12-31,2022-01-03,SELL,DVN,33,35.98712756018926,1187.5752094862455,1.1875752094862455,374,341,2
momentum_6m,quarterly,5,32,2021-12-31,2022-01-03,SELL,FTNT,184,72.42400360107422,13326.016662597656,13.326016662597656,184,0,6
momentum_6m,quarterly,5,32,2021-12-31,2022-01-03,SELL,IT,35,334.5299987792969,11708.54995727539,11.708549957275391,35,0,27
momentum_6m,quarterly,5,32,2021-12-31,2022-01-03,SELL,MRNA,29,247.1199951171875,7166.4798583984375,7.1664798583984375,29,0,221
momentum_6m,quarterly,5,32,2021-12-31,2022-01-03,SELL,NVDA,517,29.755742761742617,15383.719007820933,15.383719007820934,517,0,9
momentum_6m,quarterly,5,32,2021-12-31,2022-01-03,BUY,PFE,261,46.84721848309325,12227.124024087338,12.227124024087338,0,261,5
momentum_6m,quarterly,5,32,2021-12-31,2022-01-03,BUY,TSLA,31,382.5833435058594,11860.08364868164,11.860083648681641,0,31,3
momentum_6m,quarterly,5,33,2022-03-31,2022-04-01,SELL,AMD,85,110.4800033569336,9390.800285339355,9.390800285339356,85,0,207
momentum_6m,quarterly,5,33,2022-03-31,2022-04-01,BUY,APA,332,36.31437895722248,12056.373813797863,12.056373813797864,0,332,1
momentum_6m,quarterly,5,33,2022-03-31,2022-04-01,SELL,ANET,340,35.08250045776367,11928.050155639648,11.92805015563965,340,0,9
momentum_6m,quarterly,5,33,2022-03-31,2022-04-01,BUY,CF,128,93.56593717894091,11976.439958904437,11.976439958904438,0,128,4
momentum_6m,quarterly,5,33,2022-03-31,2022-04-01,SELL,DVN,341,49.216624642115185,16782.869002961277,16.782869002961277,341,0,6
momentum_6m,quarterly,5,33,2022-03-31,2022-04-01,BUY,HAL,344,34.94772188426078,12022.016328185708,12.022016328185709,0,344,5
momentum_6m,quarterly,5,33,2022-03-31,2022-04-01,BUY,MOS,201,59.88185458085175,12036.252770751202,12.036252770751203,0,201,3
momentum_6m,quarterly,5,33,2022-03-31,2022-04-01,BUY,OXY,225,53.49127580277639,12035.537055624689,12.035537055624689,0,225,2
momentum_6m,quarterly,5,33,2022-03-31,2022-04-01,SELL,PFE,261,42.055398570309606,10976.459026850807,10.976459026850808,261,0,76
momentum_6m,quarterly,5,33,2022-03-31,2022-04-01,SELL,TSLA,31,360.3833312988281,11171.883270263672,11.171883270263672,31,0,28
momentum_6m,quarterly,5,34,2022-06-30,2022-07-01,SELL,APA,332,30.965940945643062,10280.692393953497,10.280692393953498,332,0,13
momentum_6m,quarterly,5,34,2022-06-30,2022-07-01,SELL,CF,128,78.08816313765016,9995.28488161922,9.99528488161922,128,0,27
momentum_6m,quarterly,5,34,2022-06-30,2022-07-01,BUY,CTRA,466,22.06399276269153,10281.820627414254,10.281820627414254,0,466,5
momentum_6m,quarterly,5,34,2022-06-30,2022-07-01,BUY,XOM,134,76.35746860621946,10231.900793233408,10.231900793233407,0,134,3
momentum_6m,quarterly,5,34,2022-06-30,2022-07-01,BUY,HAL,8,29.106334601641134,232.85067681312907,0.23285067681312907,344,352,4
momentum_6m,quarterly,5,34,2022-06-30,2022-07-01,SELL,MOS,201,42.091168442497896,8460.324856942078,8.460324856942078,201,0,24
momentum_6m,quarterly,5,34,2022-06-30,2022-07-01,SELL,OXY,42,56.035070271770536,2353.4729514143623,2.3534729514143624,225,183,1
momentum_6m,quarterly,5,34,2022-06-30,2022-07-01,BUY,VLO,107,96.17710925172494,10290.950689934569,10.290950689934569,0,107,2
momentum_6m,quarterly,5,35,2022-09-30,2022-10-03,BUY,ALB,40,257.88772348441984,10315.508939376794,10.315508939376794,0,40,5
momentum_6m,quarterly,5,35,2022-09-30,2022-10-03,BUY,BIIB,38,269.0,10222.0,10.222,0,38,2
momentum_6m,quarterly,5,35,2022-09-30,2022-10-03,BUY,CEG,126,82.72511717682146,10423.364764279504,10.423364764279505,0,126,1
momentum_6m,quarterly,5,35,2022-09-30,2022-10-03,SELL,CTRA,466,23.386292496600547,10898.012303415855,10.898012303415856,466,0,42
momentum_6m,quarterly,5,35,2022-09-30,2022-10-03,BUY,EPAM,28,365.8599853515625,10244.07958984375,10.24407958984375,0,28,3
momentum_6m,quarterly,5,35,2022-09-30,2022-10-03,SELL,XOM,134,80.032611867862,10724.369990293508,10.724369990293509,134,0,18
momentum_6m,quarterly,5,35,2022-09-30,2022-10-03,BUY,GPC,76,136.3881662369728,10365.500634009933,10.365500634009933,0,76,4
momentum_6m,quarterly,5,35,2022-09-30,2022-10-03,SELL,HAL,352,24.080867351051555,8476.465307570148,8.476465307570148,352,0,400
momentum_6m,quarterly,5,35,2022-09-30,2022-10-03,SELL,OXY,183,60.22140367130828,11020.516871849415,11.020516871849415,183,0,16
momentum_6m,quarterly,5,35,2022-09-30,2022-10-03,SELL,VLO,107,99.00775343774505,10593.82961783872,10.593829617838722,107,0,21
momentum_6m,quarterly,5,36,2022-12-30,2023-01-03,SELL,ALB,40,209.07226996045637,8362.890798418255,8.362890798418256,40,0,215
momentum_6m,quarterly,5,36,2022-12-30,2023-01-03,SELL,BIIB,38,276.7300109863281,10515.740417480469,10.515740417480469,38,0,35
momentum_6m,quarterly,5,36,2022-12-30,2023-01-03,SELL,CEG,126,83.79684090361236,10558.401953855158,10.558401953855158,126,0,6
momentum_6m,quarterly,5,36,2022-12-30,2023-01-03,SELL,EPAM,28,334.7799987792969,9373.839965820312,9.373839965820313,28,0,188
momentum_6m,quarterly,5,36,2022-12-30,2023-01-03,BUY,FSLR,67,151.00999450683594,10117.669631958008,10.117669631958009,0,67,1
momentum_6m,quarterly,5,36,2022-12-30,2023-01-03,SELL,GPC,76,157.4707806742811,11967.779331245363,11.967779331245364,76,0,34
momentum_6m,quarterly,5,36,2022-12-30,2023-01-03,BUY,NFLX,340,29.805999755859375,10134.039916992188,10.134039916992188,0,340,2
momentum_6m,quarterly,5,36,2022-12-30,2023-01-03,BUY,PCG,643,15.80672671611091,10163.725278459315,10.163725278459316,0,643,4
momentum_6m,quarterly,5,36,2022-12-30,2023-01-03,BUY,ROST,90,112.64426114332382,10137.983502899144,10.137983502899145,0,90,3
momentum_6m,quarterly,5,36,2022-12-30,2023-01-03,BUY,SLB,208,48.7444947680472,10138.854911753817,10.138854911753818,0,208,5
momentum_6m,quarterly,5,37,2023-03-31,2023-04-03,BUY,BA,53,212.8000030517578,11278.400161743164,11.278400161743164,0,53,4
momentum_6m,quarterly,5,37,2023-03-31,2023-04-03,SELL,FSLR,16,217.27999877929688,3476.47998046875,3.47647998046875,67,51,5
momentum_6m,quarterly,5,37,2023-03-31,2023-04-03,BUY,GE,148,75.21865566433522,11132.361038321613,11.132361038321614,0,148,2
momentum_6m,quarterly,5,37,2023-03-31,2023-04-03,SELL,NFLX,340,34.18299865722656,11622.219543457031,11.622219543457032,340,0,28
momentum_6m,quarterly,5,37,2023-03-31,2023-04-03,BUY,NVDA,406,27.48466960367856,11158.775859093495,11.158775859093495,0,406,1
momentum_6m,quarterly,5,37,2023-03-31,2023-04-03,SELL,PCG,643,16.014322102726872,10297.209112053379,10.297209112053379,643,0,80
momentum_6m,quarterly,5,37,2023-03-31,2023-04-03,SELL,ROST,90,102.68846677629377,9241.962009866438,9.24196200986644,90,0,104
momentum_6m,quarterly,5,37,2023-03-31,2023-04-03,SELL,SLB,208,48.42848580201433,10073.125046818981,10.073125046818982,208,0,53
momentum_6m,quarterly,5,37,2023-03-31,2023-04-03,BUY,WYNN,99,111.86518870316725,11074.653681613558,11.074653681613558,0,99,3
momentum_6m,quarterly,5,38,2023-06-30,2023-07-03,SELL,BA,53,210.5,11156.5,11.1565,53,0,193
momentum_6m,quarterly,5,38,2023-06-30,2023-07-03,BUY,CCL,660,18.464645541058946,12186.666057098904,12.186666057098904,0,660,3
momentum_6m,quarterly,5,38,2023-06-30,2023-07-03,SELL,FSLR,51,191.11000061035156,9746.61003112793,9.74661003112793,51,0,74
momentum_6m,quarterly,5,38,2023-06-30,2023-07-03,SELL,GE,148,85.67465916124945,12679.84955586492,12.67984955586492,148,0,11
momentum_6m,quarterly,5,38,2023-06-30,2023-07-03,BUY,META,43,284.467605349203,12232.107030015728,12.232107030015728,0,43,2
momentum_6m,quarterly,5,38,2023-06-30,2023-07-03,SELL,NVDA,119,42.483786406248804,5055.570582343607,5.0555705823436075,406,287,1
momentum_6m,quarterly,5,38,2023-06-30,2023-07-03,BUY,RCL,120,101.17368453931245,12140.842144717493,12.140842144717494,0,120,5
momentum_6m,quarterly,5,38,2023-06-30,2023-07-03,BUY,TSLA,44,276.489990234375,12165.5595703125,12.1655595703125,0,44,4
momentum_6m,quarterly,5,38,2023-06-30,2023-07-03,SELL,WYNN,99,102.88462649073054,10185.578022582324,10.185578022582323,99,0,65
momentum_6m,quarterly,5,39,2023-09-29,2023-10-02,SELL,CCL,660,13.437882872436205,8869.002695807896,8.869002695807897,660,0,7
momentum_6m,quarterly,5,39,2023-09-29,2023-10-02,BUY,CEG,106,106.56400568773367,11295.784602899768,11.295784602899769,0,106,4
momentum_6m,quarterly,5,39,2023-09-29,2023-10-02,BUY,LLY,21,526.737682889362,11061.4913406766,11.061491340676602,0,21,2
momentum_6m,quarterly,5,39,2023-09-29,2023-10-02,SELL,META,6,300.3826908782959,1802.2961452697753,1.8022961452697752,43,37,3
momentum_6m,quarterly,5,39,2023-09-29,2023-10-02,SELL,NVDA,32,43.99923603920016,1407.9755532544052,1.4079755532544052,287,255,1
momentum_6m,quarterly,5,39,2023-09-29,2023-10-02,BUY,RCL,5,89.68777228078636,448.4388614039318,0.4484388614039318,120,125,5
momentum_6m,quarterly,5,39,2023-09-29,2023-10-02,SELL,TSLA,44,244.80999755859375,10771.639892578125,10.771639892578126,44,0,17
momentum_6m,quarterly,5,40,2023-12-29,2024-01-02,BUY,ANET,224,58.5,13104.0,13.104000000000001,0,224,3
momentum_6m,quarterly,5,40,2023-12-29,2024-01-02,BUY,BX,108,120.79665927037951,13046.039201200987,13.046039201200987,0,108,5
momentum_6m,quarterly,5,40,2023-12-29,2024-01-02,SELL,CEG,106,114.799525854351,12168.749740561207,12.168749740561207,106,0,35
momentum_6m,quarterly,5,40,2023-12-29,2024-01-02,BUY,FICO,11,1152.4000244140625,12676.400268554688,12.676400268554687,0,11,4
momentum_6m,quarterly,5,40,2023-12-29,2024-01-02,BUY,INTC,270,48.54978086907395,13108.440834649966,13.108440834649967,0,270,2
momentum_6m,quarterly,5,40,2023-12-29,2024-01-02,BUY,KEY,1021,12.828215243270952,13097.607763379641,13.097607763379642,0,1021,1
momentum_6m,quarterly,5,40,2023-12-29,2024-01-02,SELL,LLY,21,571.4233918052329,11999.891227909891,11.999891227909892,21,0,51
momentum_6m,quarterly,5,40,2023-12-29,2024-01-02,SELL,META,37,348.58449167928967,12897.626192133717,12.897626192133718,37,0,59
momentum_6m,quarterly,5,40,2023-12-29,2024-01-02,SELL,NVDA,255,49.213911661432995,12549.547473665414,12.549547473665415,255,0,116
momentum_6m,quarterly,5,40,2023-12-29,2024-01-02,SELL,RCL,125,124.39964448209523,15549.955560261904,15.549955560261905,125,0,49
momentum_6m,quarterly,5,41,2024-03-28,2024-04-01,BUY,AMD,78,180.10000610351562,14047.800476074219,14.047800476074219,0,78,4
momentum_6m,quarterly,5,41,2024-03-28,2024-04-01,SELL,ANET,224,73.06999969482422,16367.679931640625,16.367679931640627,224,0,21
momentum_6m,quarterly,5,41,2024-03-28,2024-04-01,SELL,BX,108,124.16653951065976,13409.986267151255,13.409986267151256,108,0,192
momentum_6m,quarterly,5,41,2024-03-28,2024-04-01,BUY,DECK,88,157.94332885742188,13899.012939453125,13.899012939453126,0,88,3
momentum_6m,quarterly,5,41,2024-03-28,2024-04-01,SELL,FICO,11,1249.6099853515625,13745.709838867188,13.745709838867187,11,0,76
momentum_6m,quarterly,5,41,2024-03-28,2024-04-01,SELL,INTC,270,43.832776755512306,11834.849723988322,11.834849723988322,270,0,166
momentum_6m,quarterly,5,41,2024-03-28,2024-04-01,SELL,KEY,1021,14.389665986389359,14691.848972103535,14.691848972103536,1021,0,23
momentum_6m,quarterly,5,41,2024-03-28,2024-04-01,BUY,NRG,214,65.46176194460034,14008.817056144473,14.008817056144473,0,214,5
momentum_6m,quarterly,5,41,2024-03-28,2024-04-01,BUY,NVDA,155,90.24806771473163,13988.450495783403,13.988450495783404,0,155,2
momentum_6m,quarterly,5,41,2024-03-28,2024-04-01,BUY,SMCI,138,101.0,13938.0,13.938,0,138,1
momentum_6m,quarterly,5,42,2024-06-28,2024-07-01,SELL,AMD,78,161.25,12577.5,12.5775,78,0,174
momentum_6m,quarterly,5,42,2024-06-28,2024-07-01,BUY,CEG,72,206.04544427930455,14835.271988109927,14.835271988109927,0,72,4
momentum_6m,quarterly,5,42,2024-06-28,2024-07-01,SELL,DECK,88,162.61666870117188,14310.266845703125,14.310266845703126,88,0,18
momentum_6m,quarterly,5,42,2024-06-28,2024-07-01,BUY,LLY,16,900.7590596502621,14412.144954404193,14.412144954404194,0,16,5
momentum_6m,quarterly,5,42,2024-06-28,2024-07-01,SELL,NRG,214,76.76004849525374,16426.6503779843,16.426650377984302,214,0,7
momentum_6m,quarterly,5,42,2024-06-28,2024-07-01,SELL,NVDA,35,123.41050281013469,4319.367598354714,4.319367598354714,155,120,2
momentum_6m,quarterly,5,42,2024-06-28,2024-07-01,BUY,SMCI,41,83.14399719238281,3408.9038848876953,3.4089038848876956,138,179,1
momentum_6m,quarterly,5,42,2024-06-28,2024-07-01,BUY,VST,169,87.78499757927726,14835.664590897857,14.835664590897858,0,169,3
momentum_6m,quarterly,5,43,2024-09-30,2024-10-01,BUY,CHRW,142,107.00330378985291,15194.469138159113,15.194469138159112,0,142,5
momentum_6m,quarterly,5,43,2024-09-30,2024-10-01,SELL,CEG,72,256.90866538787776,18497.423907927197,18.4974239079272,72,0,15
momentum_6m,quarterly,5,43,2024-09-30,2024-10-01,BUY,FICO,7,1953.5699462890625,13674.989624023438,13.674989624023437,0,7,4
momentum_6m,quarterly,5,43,2024-09-30,2024-10-01,BUY,GEV,60,255.05298600102904,15303.179160061742,15.303179160061742,0,60,1
momentum_6m,quarterly,5,43,2024-09-30,2024-10-01,SELL,LLY,16,879.3231009621957,14069.16961539513,14.069169615395131,16,0,152
momentum_6m,quarterly,5,43,2024-09-30,2024-10-01,SELL,NVDA,120,121.72172671524483,14606.60720582938,14.60660720582938,120,0,30
momentum_6m,quarterly,5,43,2024-09-30,2024-10-01,BUY,PLTR,406,37.209999084472656,15107.259628295898,15.107259628295898,0,406,3
momentum_6m,quarterly,5,43,2024-09-30,2024-10-01,SELL,SMCI,179,41.75,7473.25,7.47325,179,0,476
momentum_6m,quarterly,5,43,2024-09-30,2024-10-01,SELL,VST,40,117.00767708194685,4680.307083277874,4.680307083277874,169,129,2
momentum_6m,quarterly,5,44,2024-12-31,2025-01-02,BUY,AXON,32,604.0700073242188,19330.240234375,19.330240234375,0,32,2
momentum_6m,quarterly,5,44,2024-12-31,2025-01-02,SELL,CHRW,142,101.5076386540801,14414.084688879373,14.414084688879374,142,0,111
momentum_6m,quarterly,5,44,2024-12-31,2025-01-02,SELL,FICO,7,2005.0,14035.0,14.035,7,0,51
momentum_6m,quarterly,5,44,2024-12-31,2025-01-02,SELL,GEV,2,331.8081832950169,663.6163665900337,0.6636163665900338,60,58,4
momentum_6m,quarterly,5,44,2024-12-31,2025-01-02,SELL,PLTR,150,76.19999694824219,11429.999542236328,11.42999954223633,406,256,1
momentum_6m,quarterly,5,44,2024-12-31,2025-01-02,BUY,TSLA,50,390.1000061035156,19505.00030517578,19.50500030517578,0,50,5
momentum_6m,quarterly,5,44,2024-12-31,2025-01-02,BUY,UAL,200,97.29000091552734,19458.00018310547,19.45800018310547,0,200,3
momentum_6m,quarterly,5,44,2024-12-31,2025-01-02,SELL,VST,129,138.6801820630038,17889.74348612749,17.88974348612749,129,0,7
momentum_6m,quarterly,5,45,2025-03-31,2025-04-01,SELL,AXON,32,521.5900268554688,16690.880859375,16.690880859375,32,0,18
momentum_6m,quarterly,5,45,2025-03-31,2025-04-01,BUY,EQT,313,53.04065907608461,16601.726290814484,16.601726290814483,0,313,3
momentum_6m,quarterly,5,45,2025-03-31,2025-04-01,SELL,GEV,58,306.69248292854206,17788.164009855438,17.78816400985544,58,0,47
momentum_6m,quarterly,5,45,2025-03-31,2025-04-01,BUY,MCK,24,673.5681268486278,16165.635044367067,16.165635044367068,0,24,5
momentum_6m,quarterly,5,45,2025-03-31,2025-04-01,SELL,PLTR,58,83.88999938964844,4865.619964599609,4.86561996459961,256,198,1
momentum_6m,quarterly,5,45,2025-03-31,2025-04-01,BUY,TPR,239,69.355810721092,16576.038762340988,16.57603876234099,0,239,4
momentum_6m,quarterly,5,45,2025-03-31,2025-04-01,SELL,TSLA,50,263.79998779296875,13189.999389648438,13.189999389648438,50,0,196
momentum_6m,quarterly,5,45,2025-03-31,2025-04-01,BUY,TPL,38,435.4998112244664,16548.992826529724,16.548992826529723,0,38,2
momentum_6m,quarterly,5,45,2025-03-31,2025-04-01,SELL,UAL,200,67.44999694824219,13489.999389648438,13.489999389648437,200,0,67
momentum_6m,quarterly,5,46,2025-06-30,2025-07-01,BUY,CVS,287,66.92580500371174,19207.706036065272,19.20770603606527,0,287,5
momentum_6m,quarterly,5,46,2025-06-30,2025-07-01,SELL,EQT,313,57.51956379748564,18003.623468613005,18.003623468613004,313,0,32
momentum_6m,quarterly,5,46,2025-06-30,2025-07-01,BUY,HWM,104,183.54618288068372,19088.803019591105,19.088803019591104,0,104,2
momentum_6m,quarterly,5,46,2025-06-30,2025-07-01,SELL,MCK,24,731.65349727835,17559.683934680397,17.559683934680397,24,0,42
momentum_6m,quarterly,5,46,2025-06-30,2025-07-01,BUY,NRG,121,158.93288242674407,19230.878773636032,19.230878773636032,0,121,1
momentum_6m,quarterly,5,46,2025-06-30,2025-07-01,SELL,PLTR,56,135.27000427246094,7575.1202392578125,7.575120239257813,198,142,3
momentum_6m,quarterly,5,46,2025-06-30,2025-07-01,BUY,STX,135,142.5652843303368,19246.31338459547,19.24631338459547,0,135,4
momentum_6m,quarterly,5,46,2025-06-30,2025-07-01,SELL,TPR,239,85.74285197396334,20492.54162177724,20.49254162177724,239,0,25
momentum_6m,quarterly,5,46,2025-06-30,2025-07-01,SELL,TPL,38,350.06608331070055,13302.511165806622,13.302511165806623,38,0,370
momentum_6m,quarterly,5,47,2025-09-30,2025-10-01,BUY,APP,33,714.8350219726562,23589.555725097656,23.589555725097657,0,33,4
momentum_6m,quarterly,5,47,2025-09-30,2025-10-01,SELL,CVS,287,74.0799052007603,21260.932792618205,21.260932792618206,287,0,193
momentum_6m,quarterly,5,47,2025-09-30,2025-10-01,SELL,HWM,104,193.935672711708,20169.309962017633,20.169309962017632,104,0,43
momentum_6m,quarterly,5,47,2025-09-30,2025-10-01,SELL,NRG,121,160.76418127974532,19452.465934849184,19.452465934849183,121,0,21
momentum_6m,quarterly,5,47,2025-09-30,2025-10-01,SELL,PLTR,12,181.32000732421875,2175.840087890625,2.175840087890625,142,130,5
momentum_6m,quarterly,5,47,2025-09-30,2025-10-01,BUY,HOOD,167,141.25999450683594,23590.4190826416,23.590419082641603,0,167,1
momentum_6m,quarterly,5,47,2025-09-30,2025-10-01,SELL,STX,34,233.31978700115363,7932.872758039223,7.932872758039223,135,101,3
momentum_6m,quarterly,5,47,2025-09-30,2025-10-01,BUY,WDC,200,118.02855982084074,23605.71196416815,23.60571196416815,0,200,2
momentum_6m,quarterly,5,48,2025-12-31,2026-01-02,BUY,ALB,180,143.41473250744664,25814.651851340397,25.814651851340397,0,180,5
momentum_6m,quarterly,5,48,2025-12-31,2026-01-02,SELL,APP,33,683.3699951171875,22551.209838867188,22.551209838867187,33,0,7
momentum_6m,quarterly,5,48,2025-12-31,2026-01-02,BUY,MU,87,295.00607846003123,25665.528826022717,25.66552882602272,0,87,4
momentum_6m,quarterly,5,48,2025-12-31,2026-01-02,SELL,PLTR,130,181.3000030517578,23569.000396728516,23.569000396728516,130,0,41
momentum_6m,quarterly,5,48,2025-12-31,2026-01-02,SELL,HOOD,167,115.47799682617188,19284.825469970703,19.284825469970702,167,0,115
momentum_6m,quarterly,5,48,2025-12-31,2026-01-02,BUY,SNDK,106,244.35000610351562,25901.100646972656,25.901100646972658,0,106,1
momentum_6m,quarterly,5,48,2025-12-31,2026-01-02,SELL,STX,101,281.47899853457176,28429.378851991747,28.429378851991746,101,0,8
momentum_6m,quarterly,5,48,2025-12-31,2026-01-02,BUY,WBD,900,28.790000915527344,25911.00082397461,25.91100082397461,0,900,3
momentum_6m,quarterly,5,48,2025-12-31,2026-01-02,SELL,WDC,54,177.11522230299764,9564.222004361873,9.564222004361874,200,146,2
